sample_id	subject_id	clone_id	seq_count	seq_freq
P05_FNA_2_60_Y1	P05	649	15	0.032258064516129
P05_FNA_2_60_Y1	P05	13	12	0.0258064516129032
P05_FNA_2_60_Y1	P05	471	9	0.0193548387096774
P05_FNA_60_Y1	P05	373	9	0.0198675496688742
P05_FNA_60_Y1	P05	5	9	0.0198675496688742
P05_FNA_60_Y1	P05	13	8	0.0176600441501104
P05_FNA_60_Y1	P05	470	8	0.0176600441501104
P05_FNA_2_0_Y1	P05	472	7	0.0238907849829352
P05_FNA_2_0_Y1	P05	475	7	0.0238907849829352
P05_FNA_2_60_Y1	P05	571	7	0.0150537634408602
P05_FNA_3_12_Y1	P05	500	7	0.0286885245901639
P05_FNA_60_Y1	P05	246	7	0.0154525386313466
P05_FNA_2_5_Y1	P05	700	6	0.0244897959183673
P05_FNA_2_60_Y1	P05	50	6	0.0129032258064516
P05_FNA_5_Y1	P05	302	6	0.0212014134275618
P05_FNA_5_Y1	P05	657	6	0.0212014134275618
P05_FNA_60_Y1	P05	473	6	0.0132450331125828
P05_FNA_60_Y1	P05	713	6	0.0132450331125828
P05_FNA_2_0_Y1	P05	241	5	0.0170648464163823
P05_FNA_2_12_Y1	P05	430	5	0.0277777777777778
P05_FNA_2_12_Y1	P05	533	5	0.0277777777777778
P05_FNA_2_12_Y1	P05	672	5	0.0277777777777778
P05_FNA_2_28_Y1	P05	280	5	0.0226244343891403
P05_FNA_2_60_Y1	P05	12	5	0.010752688172043
P05_FNA_2_60_Y1	P05	162	5	0.010752688172043
P05_FNA_2_60_Y1	P05	286	5	0.010752688172043
P05_FNA_2_60_Y1	P05	373	5	0.010752688172043
P05_FNA_2_60_Y1	P05	425	5	0.010752688172043
P05_FNA_2_60_Y1	P05	455	5	0.010752688172043
P05_FNA_2_60_Y1	P05	459	5	0.010752688172043
P05_FNA_2_60_Y1	P05	472	5	0.010752688172043
P05_FNA_2_60_Y1	P05	475	5	0.010752688172043
P05_FNA_2_60_Y1	P05	5	5	0.010752688172043
P05_FNA_3_12_Y1	P05	343	5	0.0204918032786885
P05_FNA_3_28_Y1	P05	286	5	0.0264550264550265
P05_FNA_5_Y1	P05	15	5	0.0176678445229682
P05_FNA_60_Y1	P05	143	5	0.011037527593819
P05_FNA_60_Y1	P05	395	5	0.011037527593819
P05_FNA_60_Y1	P05	474	5	0.011037527593819
P05_FNA_60_Y1	P05	475	5	0.011037527593819
P05_FNA_60_Y1	P05	534	5	0.011037527593819
P05_FNA_0_Y1	P05	166	4	0.0184331797235023
P05_FNA_0_Y1	P05	201	4	0.0184331797235023
P05_FNA_12_Y1	P05	624	4	0.0192307692307692
P05_FNA_12_Y1	P05	627	4	0.0192307692307692
P05_FNA_2_0_Y1	P05	140	4	0.0136518771331058
P05_FNA_2_0_Y1	P05	197	4	0.0136518771331058
P05_FNA_2_0_Y1	P05	361	4	0.0136518771331058
P05_FNA_2_0_Y1	P05	387	4	0.0136518771331058
P05_FNA_2_0_Y1	P05	461	4	0.0136518771331058
P05_FNA_2_0_Y1	P05	47	4	0.0136518771331058
P05_FNA_2_5_Y1	P05	14	4	0.0163265306122449
P05_FNA_2_5_Y1	P05	472	4	0.0163265306122449
P05_FNA_2_5_Y1	P05	554	4	0.0163265306122449
P05_FNA_2_5_Y1	P05	650	4	0.0163265306122449
P05_FNA_2_60_Y1	P05	14	4	0.00860215053763441
P05_FNA_2_60_Y1	P05	271	4	0.00860215053763441
P05_FNA_2_60_Y1	P05	473	4	0.00860215053763441
P05_FNA_2_60_Y1	P05	48	4	0.00860215053763441
P05_FNA_2_60_Y1	P05	660	4	0.00860215053763441
P05_FNA_2_60_Y1	P05	713	4	0.00860215053763441
P05_FNA_3_12_Y1	P05	278	4	0.0163934426229508
P05_FNA_3_12_Y1	P05	284	4	0.0163934426229508
P05_FNA_5_Y1	P05	115	4	0.0141342756183746
P05_FNA_5_Y1	P05	397	4	0.0141342756183746
P05_FNA_5_Y1	P05	471	4	0.0141342756183746
P05_FNA_60_Y1	P05	250	4	0.00883002207505519
P05_FNA_60_Y1	P05	378	4	0.00883002207505519
P05_FNA_60_Y1	P05	46	4	0.00883002207505519
P05_FNA_60_Y1	P05	47	4	0.00883002207505519
P05_FNA_60_Y1	P05	471	4	0.00883002207505519
P05_FNA_60_Y1	P05	49	4	0.00883002207505519
P05_FNA_60_Y1	P05	50	4	0.00883002207505519
P05_FNA_60_Y1	P05	53	4	0.00883002207505519
P05_FNA_60_Y1	P05	609	4	0.00883002207505519
P05_FNA_60_Y1	P05	640	4	0.00883002207505519
P05_FNA_60_Y1	P05	649	4	0.00883002207505519
P05_FNA_0_Y1	P05	100	3	0.0138248847926267
P05_FNA_0_Y1	P05	13	3	0.0138248847926267
P05_FNA_0_Y1	P05	134	3	0.0138248847926267
P05_FNA_0_Y1	P05	472	3	0.0138248847926267
P05_FNA_0_Y1	P05	475	3	0.0138248847926267
P05_FNA_0_Y1	P05	571	3	0.0138248847926267
P05_FNA_0_Y1	P05	655	3	0.0138248847926267
P05_FNA_12_Y1	P05	217	3	0.0144230769230769
P05_FNA_12_Y1	P05	436	3	0.0144230769230769
P05_FNA_12_Y1	P05	473	3	0.0144230769230769
P05_FNA_12_Y1	P05	49	3	0.0144230769230769
P05_FNA_2_0_Y1	P05	14	3	0.0102389078498294
P05_FNA_2_0_Y1	P05	251	3	0.0102389078498294
P05_FNA_2_0_Y1	P05	411	3	0.0102389078498294
P05_FNA_2_0_Y1	P05	431	3	0.0102389078498294
P05_FNA_2_0_Y1	P05	455	3	0.0102389078498294
P05_FNA_2_0_Y1	P05	465	3	0.0102389078498294
P05_FNA_2_0_Y1	P05	467	3	0.0102389078498294
P05_FNA_2_0_Y1	P05	470	3	0.0102389078498294
P05_FNA_2_0_Y1	P05	471	3	0.0102389078498294
P05_FNA_2_0_Y1	P05	473	3	0.0102389078498294
P05_FNA_2_0_Y1	P05	476	3	0.0102389078498294
P05_FNA_2_0_Y1	P05	533	3	0.0102389078498294
P05_FNA_2_0_Y1	P05	535	3	0.0102389078498294
P05_FNA_2_0_Y1	P05	651	3	0.0102389078498294
P05_FNA_2_0_Y1	P05	676	3	0.0102389078498294
P05_FNA_2_12_Y1	P05	112	3	0.0166666666666667
P05_FNA_2_12_Y1	P05	433	3	0.0166666666666667
P05_FNA_2_12_Y1	P05	471	3	0.0166666666666667
P05_FNA_2_12_Y1	P05	655	3	0.0166666666666667
P05_FNA_2_28_Y1	P05	114	3	0.0135746606334842
P05_FNA_2_28_Y1	P05	14	3	0.0135746606334842
P05_FNA_2_28_Y1	P05	246	3	0.0135746606334842
P05_FNA_2_28_Y1	P05	273	3	0.0135746606334842
P05_FNA_2_28_Y1	P05	286	3	0.0135746606334842
P05_FNA_2_28_Y1	P05	472	3	0.0135746606334842
P05_FNA_2_28_Y1	P05	53	3	0.0135746606334842
P05_FNA_2_28_Y1	P05	531	3	0.0135746606334842
P05_FNA_2_5_Y1	P05	10	3	0.0122448979591837
P05_FNA_2_5_Y1	P05	108	3	0.0122448979591837
P05_FNA_2_5_Y1	P05	158	3	0.0122448979591837
P05_FNA_2_5_Y1	P05	239	3	0.0122448979591837
P05_FNA_2_5_Y1	P05	473	3	0.0122448979591837
P05_FNA_2_5_Y1	P05	476	3	0.0122448979591837
P05_FNA_2_5_Y1	P05	497	3	0.0122448979591837
P05_FNA_2_5_Y1	P05	537	3	0.0122448979591837
P05_FNA_2_5_Y1	P05	561	3	0.0122448979591837
P05_FNA_2_5_Y1	P05	570	3	0.0122448979591837
P05_FNA_2_5_Y1	P05	651	3	0.0122448979591837
P05_FNA_2_5_Y1	P05	653	3	0.0122448979591837
P05_FNA_2_5_Y1	P05	668	3	0.0122448979591837
P05_FNA_2_5_Y1	P05	673	3	0.0122448979591837
P05_FNA_2_60_Y1	P05	109	3	0.00645161290322581
P05_FNA_2_60_Y1	P05	112	3	0.00645161290322581
P05_FNA_2_60_Y1	P05	122	3	0.00645161290322581
P05_FNA_2_60_Y1	P05	136	3	0.00645161290322581
P05_FNA_2_60_Y1	P05	155	3	0.00645161290322581
P05_FNA_2_60_Y1	P05	17	3	0.00645161290322581
P05_FNA_2_60_Y1	P05	202	3	0.00645161290322581
P05_FNA_2_60_Y1	P05	266	3	0.00645161290322581
P05_FNA_2_60_Y1	P05	272	3	0.00645161290322581
P05_FNA_2_60_Y1	P05	353	3	0.00645161290322581
P05_FNA_2_60_Y1	P05	468	3	0.00645161290322581
P05_FNA_2_60_Y1	P05	470	3	0.00645161290322581
P05_FNA_2_60_Y1	P05	524	3	0.00645161290322581
P05_FNA_2_60_Y1	P05	53	3	0.00645161290322581
P05_FNA_2_60_Y1	P05	531	3	0.00645161290322581
P05_FNA_2_60_Y1	P05	545	3	0.00645161290322581
P05_FNA_2_60_Y1	P05	559	3	0.00645161290322581
P05_FNA_2_60_Y1	P05	599	3	0.00645161290322581
P05_FNA_2_60_Y1	P05	64	3	0.00645161290322581
P05_FNA_2_60_Y1	P05	640	3	0.00645161290322581
P05_FNA_3_12_Y1	P05	17	3	0.0122950819672131
P05_FNA_3_12_Y1	P05	246	3	0.0122950819672131
P05_FNA_3_12_Y1	P05	285	3	0.0122950819672131
P05_FNA_3_12_Y1	P05	428	3	0.0122950819672131
P05_FNA_3_12_Y1	P05	468	3	0.0122950819672131
P05_FNA_3_12_Y1	P05	505	3	0.0122950819672131
P05_FNA_3_12_Y1	P05	53	3	0.0122950819672131
P05_FNA_3_12_Y1	P05	533	3	0.0122950819672131
P05_FNA_3_12_Y1	P05	536	3	0.0122950819672131
P05_FNA_3_12_Y1	P05	672	3	0.0122950819672131
P05_FNA_3_12_Y1	P05	710	3	0.0122950819672131
P05_FNA_3_28_Y1	P05	202	3	0.0158730158730159
P05_FNA_3_28_Y1	P05	222	3	0.0158730158730159
P05_FNA_3_28_Y1	P05	250	3	0.0158730158730159
P05_FNA_3_28_Y1	P05	471	3	0.0158730158730159
P05_FNA_3_28_Y1	P05	473	3	0.0158730158730159
P05_FNA_3_28_Y1	P05	475	3	0.0158730158730159
P05_FNA_3_28_Y1	P05	50	3	0.0158730158730159
P05_FNA_3_28_Y1	P05	571	3	0.0158730158730159
P05_FNA_3_28_Y1	P05	618	3	0.0158730158730159
P05_FNA_5_Y1	P05	122	3	0.0106007067137809
P05_FNA_5_Y1	P05	13	3	0.0106007067137809
P05_FNA_5_Y1	P05	135	3	0.0106007067137809
P05_FNA_5_Y1	P05	14	3	0.0106007067137809
P05_FNA_5_Y1	P05	197	3	0.0106007067137809
P05_FNA_5_Y1	P05	243	3	0.0106007067137809
P05_FNA_5_Y1	P05	459	3	0.0106007067137809
P05_FNA_5_Y1	P05	472	3	0.0106007067137809
P05_FNA_5_Y1	P05	474	3	0.0106007067137809
P05_FNA_5_Y1	P05	50	3	0.0106007067137809
P05_FNA_5_Y1	P05	533	3	0.0106007067137809
P05_FNA_5_Y1	P05	558	3	0.0106007067137809
P05_FNA_5_Y1	P05	653	3	0.0106007067137809
P05_FNA_5_Y1	P05	656	3	0.0106007067137809
P05_FNA_60_Y1	P05	101	3	0.00662251655629139
P05_FNA_60_Y1	P05	109	3	0.00662251655629139
P05_FNA_60_Y1	P05	135	3	0.00662251655629139
P05_FNA_60_Y1	P05	144	3	0.00662251655629139
P05_FNA_60_Y1	P05	15	3	0.00662251655629139
P05_FNA_60_Y1	P05	197	3	0.00662251655629139
P05_FNA_60_Y1	P05	271	3	0.00662251655629139
P05_FNA_60_Y1	P05	273	3	0.00662251655629139
P05_FNA_60_Y1	P05	279	3	0.00662251655629139
P05_FNA_60_Y1	P05	286	3	0.00662251655629139
P05_FNA_60_Y1	P05	38	3	0.00662251655629139
P05_FNA_60_Y1	P05	425	3	0.00662251655629139
P05_FNA_60_Y1	P05	48	3	0.00662251655629139
P05_FNA_60_Y1	P05	51	3	0.00662251655629139
P05_FNA_60_Y1	P05	530	3	0.00662251655629139
P05_FNA_60_Y1	P05	533	3	0.00662251655629139
P05_FNA_60_Y1	P05	571	3	0.00662251655629139
P05_FNA_60_Y1	P05	574	3	0.00662251655629139
P05_FNA_60_Y1	P05	611	3	0.00662251655629139
P05_FNA_60_Y1	P05	64	3	0.00662251655629139
P05_FNA_60_Y1	P05	651	3	0.00662251655629139
P05_FNA_60_Y1	P05	664	3	0.00662251655629139
P05_FNA_0_Y1	P05	10	2	0.00921658986175115
P05_FNA_0_Y1	P05	112	2	0.00921658986175115
P05_FNA_0_Y1	P05	113	2	0.00921658986175115
P05_FNA_0_Y1	P05	156	2	0.00921658986175115
P05_FNA_0_Y1	P05	16	2	0.00921658986175115
P05_FNA_0_Y1	P05	246	2	0.00921658986175115
P05_FNA_0_Y1	P05	247	2	0.00921658986175115
P05_FNA_0_Y1	P05	334	2	0.00921658986175115
P05_FNA_0_Y1	P05	39	2	0.00921658986175115
P05_FNA_0_Y1	P05	401	2	0.00921658986175115
P05_FNA_0_Y1	P05	437	2	0.00921658986175115
P05_FNA_0_Y1	P05	444	2	0.00921658986175115
P05_FNA_0_Y1	P05	456	2	0.00921658986175115
P05_FNA_0_Y1	P05	459	2	0.00921658986175115
P05_FNA_0_Y1	P05	46	2	0.00921658986175115
P05_FNA_0_Y1	P05	470	2	0.00921658986175115
P05_FNA_0_Y1	P05	476	2	0.00921658986175115
P05_FNA_0_Y1	P05	492	2	0.00921658986175115
P05_FNA_0_Y1	P05	53	2	0.00921658986175115
P05_FNA_0_Y1	P05	538	2	0.00921658986175115
P05_FNA_0_Y1	P05	576	2	0.00921658986175115
P05_FNA_0_Y1	P05	578	2	0.00921658986175115
P05_FNA_0_Y1	P05	596	2	0.00921658986175115
P05_FNA_0_Y1	P05	626	2	0.00921658986175115
P05_FNA_0_Y1	P05	653	2	0.00921658986175115
P05_FNA_0_Y1	P05	656	2	0.00921658986175115
P05_FNA_0_Y1	P05	698	2	0.00921658986175115
P05_FNA_0_Y1	P05	704	2	0.00921658986175115
P05_FNA_0_Y1	P05	88	2	0.00921658986175115
P05_FNA_0_Y1	P05	91	2	0.00921658986175115
P05_FNA_12_Y1	P05	12	2	0.00961538461538462
P05_FNA_12_Y1	P05	13	2	0.00961538461538462
P05_FNA_12_Y1	P05	144	2	0.00961538461538462
P05_FNA_12_Y1	P05	154	2	0.00961538461538462
P05_FNA_12_Y1	P05	155	2	0.00961538461538462
P05_FNA_12_Y1	P05	161	2	0.00961538461538462
P05_FNA_12_Y1	P05	246	2	0.00961538461538462
P05_FNA_12_Y1	P05	248	2	0.00961538461538462
P05_FNA_12_Y1	P05	278	2	0.00961538461538462
P05_FNA_12_Y1	P05	287	2	0.00961538461538462
P05_FNA_12_Y1	P05	356	2	0.00961538461538462
P05_FNA_12_Y1	P05	438	2	0.00961538461538462
P05_FNA_12_Y1	P05	459	2	0.00961538461538462
P05_FNA_12_Y1	P05	460	2	0.00961538461538462
P05_FNA_12_Y1	P05	468	2	0.00961538461538462
P05_FNA_12_Y1	P05	470	2	0.00961538461538462
P05_FNA_12_Y1	P05	472	2	0.00961538461538462
P05_FNA_12_Y1	P05	476	2	0.00961538461538462
P05_FNA_12_Y1	P05	48	2	0.00961538461538462
P05_FNA_12_Y1	P05	490	2	0.00961538461538462
P05_FNA_12_Y1	P05	52	2	0.00961538461538462
P05_FNA_12_Y1	P05	549	2	0.00961538461538462
P05_FNA_12_Y1	P05	578	2	0.00961538461538462
P05_FNA_12_Y1	P05	640	2	0.00961538461538462
P05_FNA_12_Y1	P05	651	2	0.00961538461538462
P05_FNA_12_Y1	P05	672	2	0.00961538461538462
P05_FNA_12_Y1	P05	675	2	0.00961538461538462
P05_FNA_12_Y1	P05	676	2	0.00961538461538462
P05_FNA_12_Y1	P05	710	2	0.00961538461538462
P05_FNA_12_Y1	P05	714	2	0.00961538461538462
P05_FNA_2_0_Y1	P05	13	2	0.0068259385665529
P05_FNA_2_0_Y1	P05	131	2	0.0068259385665529
P05_FNA_2_0_Y1	P05	133	2	0.0068259385665529
P05_FNA_2_0_Y1	P05	138	2	0.0068259385665529
P05_FNA_2_0_Y1	P05	175	2	0.0068259385665529
P05_FNA_2_0_Y1	P05	18	2	0.0068259385665529
P05_FNA_2_0_Y1	P05	203	2	0.0068259385665529
P05_FNA_2_0_Y1	P05	227	2	0.0068259385665529
P05_FNA_2_0_Y1	P05	246	2	0.0068259385665529
P05_FNA_2_0_Y1	P05	262	2	0.0068259385665529
P05_FNA_2_0_Y1	P05	271	2	0.0068259385665529
P05_FNA_2_0_Y1	P05	284	2	0.0068259385665529
P05_FNA_2_0_Y1	P05	338	2	0.0068259385665529
P05_FNA_2_0_Y1	P05	424	2	0.0068259385665529
P05_FNA_2_0_Y1	P05	487	2	0.0068259385665529
P05_FNA_2_0_Y1	P05	494	2	0.0068259385665529
P05_FNA_2_0_Y1	P05	52	2	0.0068259385665529
P05_FNA_2_0_Y1	P05	536	2	0.0068259385665529
P05_FNA_2_0_Y1	P05	570	2	0.0068259385665529
P05_FNA_2_0_Y1	P05	575	2	0.0068259385665529
P05_FNA_2_0_Y1	P05	656	2	0.0068259385665529
P05_FNA_2_0_Y1	P05	669	2	0.0068259385665529
P05_FNA_2_0_Y1	P05	670	2	0.0068259385665529
P05_FNA_2_0_Y1	P05	673	2	0.0068259385665529
P05_FNA_2_0_Y1	P05	703	2	0.0068259385665529
P05_FNA_2_0_Y1	P05	713	2	0.0068259385665529
P05_FNA_2_0_Y1	P05	714	2	0.0068259385665529
P05_FNA_2_0_Y1	P05	77	2	0.0068259385665529
P05_FNA_2_12_Y1	P05	124	2	0.0111111111111111
P05_FNA_2_12_Y1	P05	143	2	0.0111111111111111
P05_FNA_2_12_Y1	P05	154	2	0.0111111111111111
P05_FNA_2_12_Y1	P05	155	2	0.0111111111111111
P05_FNA_2_12_Y1	P05	174	2	0.0111111111111111
P05_FNA_2_12_Y1	P05	23	2	0.0111111111111111
P05_FNA_2_12_Y1	P05	248	2	0.0111111111111111
P05_FNA_2_12_Y1	P05	264	2	0.0111111111111111
P05_FNA_2_12_Y1	P05	278	2	0.0111111111111111
P05_FNA_2_12_Y1	P05	284	2	0.0111111111111111
P05_FNA_2_12_Y1	P05	321	2	0.0111111111111111
P05_FNA_2_12_Y1	P05	334	2	0.0111111111111111
P05_FNA_2_12_Y1	P05	434	2	0.0111111111111111
P05_FNA_2_12_Y1	P05	445	2	0.0111111111111111
P05_FNA_2_12_Y1	P05	468	2	0.0111111111111111
P05_FNA_2_12_Y1	P05	472	2	0.0111111111111111
P05_FNA_2_12_Y1	P05	48	2	0.0111111111111111
P05_FNA_2_12_Y1	P05	494	2	0.0111111111111111
P05_FNA_2_12_Y1	P05	499	2	0.0111111111111111
P05_FNA_2_12_Y1	P05	531	2	0.0111111111111111
P05_FNA_2_12_Y1	P05	547	2	0.0111111111111111
P05_FNA_2_12_Y1	P05	573	2	0.0111111111111111
P05_FNA_2_12_Y1	P05	575	2	0.0111111111111111
P05_FNA_2_12_Y1	P05	580	2	0.0111111111111111
P05_FNA_2_12_Y1	P05	649	2	0.0111111111111111
P05_FNA_2_12_Y1	P05	653	2	0.0111111111111111
P05_FNA_2_12_Y1	P05	73	2	0.0111111111111111
P05_FNA_2_28_Y1	P05	10	2	0.00904977375565611
P05_FNA_2_28_Y1	P05	106	2	0.00904977375565611
P05_FNA_2_28_Y1	P05	117	2	0.00904977375565611
P05_FNA_2_28_Y1	P05	138	2	0.00904977375565611
P05_FNA_2_28_Y1	P05	16	2	0.00904977375565611
P05_FNA_2_28_Y1	P05	250	2	0.00904977375565611
P05_FNA_2_28_Y1	P05	268	2	0.00904977375565611
P05_FNA_2_28_Y1	P05	335	2	0.00904977375565611
P05_FNA_2_28_Y1	P05	35	2	0.00904977375565611
P05_FNA_2_28_Y1	P05	39	2	0.00904977375565611
P05_FNA_2_28_Y1	P05	400	2	0.00904977375565611
P05_FNA_2_28_Y1	P05	405	2	0.00904977375565611
P05_FNA_2_28_Y1	P05	45	2	0.00904977375565611
P05_FNA_2_28_Y1	P05	457	2	0.00904977375565611
P05_FNA_2_28_Y1	P05	468	2	0.00904977375565611
P05_FNA_2_28_Y1	P05	471	2	0.00904977375565611
P05_FNA_2_28_Y1	P05	474	2	0.00904977375565611
P05_FNA_2_28_Y1	P05	476	2	0.00904977375565611
P05_FNA_2_28_Y1	P05	498	2	0.00904977375565611
P05_FNA_2_28_Y1	P05	52	2	0.00904977375565611
P05_FNA_2_28_Y1	P05	536	2	0.00904977375565611
P05_FNA_2_28_Y1	P05	570	2	0.00904977375565611
P05_FNA_2_28_Y1	P05	571	2	0.00904977375565611
P05_FNA_2_28_Y1	P05	645	2	0.00904977375565611
P05_FNA_2_28_Y1	P05	647	2	0.00904977375565611
P05_FNA_2_28_Y1	P05	652	2	0.00904977375565611
P05_FNA_2_28_Y1	P05	654	2	0.00904977375565611
P05_FNA_2_28_Y1	P05	655	2	0.00904977375565611
P05_FNA_2_28_Y1	P05	676	2	0.00904977375565611
P05_FNA_2_28_Y1	P05	682	2	0.00904977375565611
P05_FNA_2_28_Y1	P05	691	2	0.00904977375565611
P05_FNA_2_28_Y1	P05	714	2	0.00904977375565611
P05_FNA_2_5_Y1	P05	110	2	0.00816326530612245
P05_FNA_2_5_Y1	P05	113	2	0.00816326530612245
P05_FNA_2_5_Y1	P05	117	2	0.00816326530612245
P05_FNA_2_5_Y1	P05	121	2	0.00816326530612245
P05_FNA_2_5_Y1	P05	13	2	0.00816326530612245
P05_FNA_2_5_Y1	P05	131	2	0.00816326530612245
P05_FNA_2_5_Y1	P05	155	2	0.00816326530612245
P05_FNA_2_5_Y1	P05	157	2	0.00816326530612245
P05_FNA_2_5_Y1	P05	160	2	0.00816326530612245
P05_FNA_2_5_Y1	P05	220	2	0.00816326530612245
P05_FNA_2_5_Y1	P05	398	2	0.00816326530612245
P05_FNA_2_5_Y1	P05	4	2	0.00816326530612245
P05_FNA_2_5_Y1	P05	418	2	0.00816326530612245
P05_FNA_2_5_Y1	P05	448	2	0.00816326530612245
P05_FNA_2_5_Y1	P05	449	2	0.00816326530612245
P05_FNA_2_5_Y1	P05	455	2	0.00816326530612245
P05_FNA_2_5_Y1	P05	470	2	0.00816326530612245
P05_FNA_2_5_Y1	P05	474	2	0.00816326530612245
P05_FNA_2_5_Y1	P05	535	2	0.00816326530612245
P05_FNA_2_5_Y1	P05	614	2	0.00816326530612245
P05_FNA_2_5_Y1	P05	629	2	0.00816326530612245
P05_FNA_2_5_Y1	P05	691	2	0.00816326530612245
P05_FNA_2_5_Y1	P05	97	2	0.00816326530612245
P05_FNA_2_60_Y1	P05	10	2	0.0043010752688172
P05_FNA_2_60_Y1	P05	137	2	0.0043010752688172
P05_FNA_2_60_Y1	P05	20	2	0.0043010752688172
P05_FNA_2_60_Y1	P05	21	2	0.0043010752688172
P05_FNA_2_60_Y1	P05	222	2	0.0043010752688172
P05_FNA_2_60_Y1	P05	240	2	0.0043010752688172
P05_FNA_2_60_Y1	P05	243	2	0.0043010752688172
P05_FNA_2_60_Y1	P05	246	2	0.0043010752688172
P05_FNA_2_60_Y1	P05	248	2	0.0043010752688172
P05_FNA_2_60_Y1	P05	269	2	0.0043010752688172
P05_FNA_2_60_Y1	P05	274	2	0.0043010752688172
P05_FNA_2_60_Y1	P05	279	2	0.0043010752688172
P05_FNA_2_60_Y1	P05	280	2	0.0043010752688172
P05_FNA_2_60_Y1	P05	33	2	0.0043010752688172
P05_FNA_2_60_Y1	P05	334	2	0.0043010752688172
P05_FNA_2_60_Y1	P05	38	2	0.0043010752688172
P05_FNA_2_60_Y1	P05	395	2	0.0043010752688172
P05_FNA_2_60_Y1	P05	402	2	0.0043010752688172
P05_FNA_2_60_Y1	P05	404	2	0.0043010752688172
P05_FNA_2_60_Y1	P05	41	2	0.0043010752688172
P05_FNA_2_60_Y1	P05	433	2	0.0043010752688172
P05_FNA_2_60_Y1	P05	436	2	0.0043010752688172
P05_FNA_2_60_Y1	P05	437	2	0.0043010752688172
P05_FNA_2_60_Y1	P05	45	2	0.0043010752688172
P05_FNA_2_60_Y1	P05	460	2	0.0043010752688172
P05_FNA_2_60_Y1	P05	484	2	0.0043010752688172
P05_FNA_2_60_Y1	P05	485	2	0.0043010752688172
P05_FNA_2_60_Y1	P05	517	2	0.0043010752688172
P05_FNA_2_60_Y1	P05	521	2	0.0043010752688172
P05_FNA_2_60_Y1	P05	529	2	0.0043010752688172
P05_FNA_2_60_Y1	P05	534	2	0.0043010752688172
P05_FNA_2_60_Y1	P05	552	2	0.0043010752688172
P05_FNA_2_60_Y1	P05	557	2	0.0043010752688172
P05_FNA_2_60_Y1	P05	567	2	0.0043010752688172
P05_FNA_2_60_Y1	P05	574	2	0.0043010752688172
P05_FNA_2_60_Y1	P05	588	2	0.0043010752688172
P05_FNA_2_60_Y1	P05	590	2	0.0043010752688172
P05_FNA_2_60_Y1	P05	591	2	0.0043010752688172
P05_FNA_2_60_Y1	P05	6	2	0.0043010752688172
P05_FNA_2_60_Y1	P05	608	2	0.0043010752688172
P05_FNA_2_60_Y1	P05	63	2	0.0043010752688172
P05_FNA_2_60_Y1	P05	632	2	0.0043010752688172
P05_FNA_2_60_Y1	P05	636	2	0.0043010752688172
P05_FNA_2_60_Y1	P05	650	2	0.0043010752688172
P05_FNA_2_60_Y1	P05	652	2	0.0043010752688172
P05_FNA_2_60_Y1	P05	655	2	0.0043010752688172
P05_FNA_2_60_Y1	P05	656	2	0.0043010752688172
P05_FNA_2_60_Y1	P05	658	2	0.0043010752688172
P05_FNA_2_60_Y1	P05	691	2	0.0043010752688172
P05_FNA_2_60_Y1	P05	706	2	0.0043010752688172
P05_FNA_2_60_Y1	P05	712	2	0.0043010752688172
P05_FNA_2_60_Y1	P05	80	2	0.0043010752688172
P05_FNA_2_60_Y1	P05	87	2	0.0043010752688172
P05_FNA_2_60_Y1	P05	9	2	0.0043010752688172
P05_FNA_3_12_Y1	P05	10	2	0.00819672131147541
P05_FNA_3_12_Y1	P05	100	2	0.00819672131147541
P05_FNA_3_12_Y1	P05	115	2	0.00819672131147541
P05_FNA_3_12_Y1	P05	14	2	0.00819672131147541
P05_FNA_3_12_Y1	P05	176	2	0.00819672131147541
P05_FNA_3_12_Y1	P05	198	2	0.00819672131147541
P05_FNA_3_12_Y1	P05	205	2	0.00819672131147541
P05_FNA_3_12_Y1	P05	254	2	0.00819672131147541
P05_FNA_3_12_Y1	P05	264	2	0.00819672131147541
P05_FNA_3_12_Y1	P05	286	2	0.00819672131147541
P05_FNA_3_12_Y1	P05	296	2	0.00819672131147541
P05_FNA_3_12_Y1	P05	3	2	0.00819672131147541
P05_FNA_3_12_Y1	P05	303	2	0.00819672131147541
P05_FNA_3_12_Y1	P05	319	2	0.00819672131147541
P05_FNA_3_12_Y1	P05	366	2	0.00819672131147541
P05_FNA_3_12_Y1	P05	368	2	0.00819672131147541
P05_FNA_3_12_Y1	P05	401	2	0.00819672131147541
P05_FNA_3_12_Y1	P05	406	2	0.00819672131147541
P05_FNA_3_12_Y1	P05	434	2	0.00819672131147541
P05_FNA_3_12_Y1	P05	437	2	0.00819672131147541
P05_FNA_3_12_Y1	P05	440	2	0.00819672131147541
P05_FNA_3_12_Y1	P05	470	2	0.00819672131147541
P05_FNA_3_12_Y1	P05	472	2	0.00819672131147541
P05_FNA_3_12_Y1	P05	474	2	0.00819672131147541
P05_FNA_3_12_Y1	P05	478	2	0.00819672131147541
P05_FNA_3_12_Y1	P05	480	2	0.00819672131147541
P05_FNA_3_12_Y1	P05	494	2	0.00819672131147541
P05_FNA_3_12_Y1	P05	54	2	0.00819672131147541
P05_FNA_3_12_Y1	P05	597	2	0.00819672131147541
P05_FNA_3_12_Y1	P05	624	2	0.00819672131147541
P05_FNA_3_12_Y1	P05	638	2	0.00819672131147541
P05_FNA_3_12_Y1	P05	651	2	0.00819672131147541
P05_FNA_3_12_Y1	P05	689	2	0.00819672131147541
P05_FNA_3_12_Y1	P05	691	2	0.00819672131147541
P05_FNA_3_12_Y1	P05	707	2	0.00819672131147541
P05_FNA_3_28_Y1	P05	10	2	0.0105820105820106
P05_FNA_3_28_Y1	P05	112	2	0.0105820105820106
P05_FNA_3_28_Y1	P05	113	2	0.0105820105820106
P05_FNA_3_28_Y1	P05	14	2	0.0105820105820106
P05_FNA_3_28_Y1	P05	16	2	0.0105820105820106
P05_FNA_3_28_Y1	P05	246	2	0.0105820105820106
P05_FNA_3_28_Y1	P05	272	2	0.0105820105820106
P05_FNA_3_28_Y1	P05	280	2	0.0105820105820106
P05_FNA_3_28_Y1	P05	327	2	0.0105820105820106
P05_FNA_3_28_Y1	P05	328	2	0.0105820105820106
P05_FNA_3_28_Y1	P05	335	2	0.0105820105820106
P05_FNA_3_28_Y1	P05	401	2	0.0105820105820106
P05_FNA_3_28_Y1	P05	455	2	0.0105820105820106
P05_FNA_3_28_Y1	P05	472	2	0.0105820105820106
P05_FNA_3_28_Y1	P05	53	2	0.0105820105820106
P05_FNA_3_28_Y1	P05	546	2	0.0105820105820106
P05_FNA_3_28_Y1	P05	574	2	0.0105820105820106
P05_FNA_3_28_Y1	P05	598	2	0.0105820105820106
P05_FNA_3_28_Y1	P05	641	2	0.0105820105820106
P05_FNA_3_28_Y1	P05	653	2	0.0105820105820106
P05_FNA_3_28_Y1	P05	95	2	0.0105820105820106
P05_FNA_5_Y1	P05	10	2	0.00706713780918728
P05_FNA_5_Y1	P05	106	2	0.00706713780918728
P05_FNA_5_Y1	P05	109	2	0.00706713780918728
P05_FNA_5_Y1	P05	112	2	0.00706713780918728
P05_FNA_5_Y1	P05	125	2	0.00706713780918728
P05_FNA_5_Y1	P05	134	2	0.00706713780918728
P05_FNA_5_Y1	P05	202	2	0.00706713780918728
P05_FNA_5_Y1	P05	267	2	0.00706713780918728
P05_FNA_5_Y1	P05	297	2	0.00706713780918728
P05_FNA_5_Y1	P05	298	2	0.00706713780918728
P05_FNA_5_Y1	P05	3	2	0.00706713780918728
P05_FNA_5_Y1	P05	334	2	0.00706713780918728
P05_FNA_5_Y1	P05	336	2	0.00706713780918728
P05_FNA_5_Y1	P05	350	2	0.00706713780918728
P05_FNA_5_Y1	P05	438	2	0.00706713780918728
P05_FNA_5_Y1	P05	47	2	0.00706713780918728
P05_FNA_5_Y1	P05	470	2	0.00706713780918728
P05_FNA_5_Y1	P05	473	2	0.00706713780918728
P05_FNA_5_Y1	P05	476	2	0.00706713780918728
P05_FNA_5_Y1	P05	521	2	0.00706713780918728
P05_FNA_5_Y1	P05	538	2	0.00706713780918728
P05_FNA_5_Y1	P05	560	2	0.00706713780918728
P05_FNA_5_Y1	P05	570	2	0.00706713780918728
P05_FNA_5_Y1	P05	573	2	0.00706713780918728
P05_FNA_5_Y1	P05	576	2	0.00706713780918728
P05_FNA_5_Y1	P05	597	2	0.00706713780918728
P05_FNA_5_Y1	P05	604	2	0.00706713780918728
P05_FNA_5_Y1	P05	650	2	0.00706713780918728
P05_FNA_5_Y1	P05	675	2	0.00706713780918728
P05_FNA_5_Y1	P05	676	2	0.00706713780918728
P05_FNA_5_Y1	P05	696	2	0.00706713780918728
P05_FNA_5_Y1	P05	700	2	0.00706713780918728
P05_FNA_5_Y1	P05	708	2	0.00706713780918728
P05_FNA_5_Y1	P05	80	2	0.00706713780918728
P05_FNA_60_Y1	P05	10	2	0.00441501103752759
P05_FNA_60_Y1	P05	121	2	0.00441501103752759
P05_FNA_60_Y1	P05	124	2	0.00441501103752759
P05_FNA_60_Y1	P05	125	2	0.00441501103752759
P05_FNA_60_Y1	P05	129	2	0.00441501103752759
P05_FNA_60_Y1	P05	134	2	0.00441501103752759
P05_FNA_60_Y1	P05	14	2	0.00441501103752759
P05_FNA_60_Y1	P05	150	2	0.00441501103752759
P05_FNA_60_Y1	P05	152	2	0.00441501103752759
P05_FNA_60_Y1	P05	159	2	0.00441501103752759
P05_FNA_60_Y1	P05	16	2	0.00441501103752759
P05_FNA_60_Y1	P05	168	2	0.00441501103752759
P05_FNA_60_Y1	P05	17	2	0.00441501103752759
P05_FNA_60_Y1	P05	18	2	0.00441501103752759
P05_FNA_60_Y1	P05	200	2	0.00441501103752759
P05_FNA_60_Y1	P05	228	2	0.00441501103752759
P05_FNA_60_Y1	P05	229	2	0.00441501103752759
P05_FNA_60_Y1	P05	232	2	0.00441501103752759
P05_FNA_60_Y1	P05	242	2	0.00441501103752759
P05_FNA_60_Y1	P05	274	2	0.00441501103752759
P05_FNA_60_Y1	P05	277	2	0.00441501103752759
P05_FNA_60_Y1	P05	28	2	0.00441501103752759
P05_FNA_60_Y1	P05	280	2	0.00441501103752759
P05_FNA_60_Y1	P05	30	2	0.00441501103752759
P05_FNA_60_Y1	P05	353	2	0.00441501103752759
P05_FNA_60_Y1	P05	401	2	0.00441501103752759
P05_FNA_60_Y1	P05	436	2	0.00441501103752759
P05_FNA_60_Y1	P05	455	2	0.00441501103752759
P05_FNA_60_Y1	P05	456	2	0.00441501103752759
P05_FNA_60_Y1	P05	488	2	0.00441501103752759
P05_FNA_60_Y1	P05	492	2	0.00441501103752759
P05_FNA_60_Y1	P05	521	2	0.00441501103752759
P05_FNA_60_Y1	P05	531	2	0.00441501103752759
P05_FNA_60_Y1	P05	536	2	0.00441501103752759
P05_FNA_60_Y1	P05	539	2	0.00441501103752759
P05_FNA_60_Y1	P05	554	2	0.00441501103752759
P05_FNA_60_Y1	P05	564	2	0.00441501103752759
P05_FNA_60_Y1	P05	565	2	0.00441501103752759
P05_FNA_60_Y1	P05	566	2	0.00441501103752759
P05_FNA_60_Y1	P05	573	2	0.00441501103752759
P05_FNA_60_Y1	P05	590	2	0.00441501103752759
P05_FNA_60_Y1	P05	599	2	0.00441501103752759
P05_FNA_60_Y1	P05	603	2	0.00441501103752759
P05_FNA_60_Y1	P05	607	2	0.00441501103752759
P05_FNA_60_Y1	P05	636	2	0.00441501103752759
P05_FNA_60_Y1	P05	646	2	0.00441501103752759
P05_FNA_60_Y1	P05	647	2	0.00441501103752759
P05_FNA_60_Y1	P05	653	2	0.00441501103752759
P05_FNA_60_Y1	P05	655	2	0.00441501103752759
P05_FNA_60_Y1	P05	656	2	0.00441501103752759
P05_FNA_60_Y1	P05	657	2	0.00441501103752759
P05_FNA_60_Y1	P05	669	2	0.00441501103752759
P05_FNA_60_Y1	P05	672	2	0.00441501103752759
P05_FNA_60_Y1	P05	674	2	0.00441501103752759
P05_FNA_60_Y1	P05	680	2	0.00441501103752759
P05_FNA_60_Y1	P05	695	2	0.00441501103752759
P05_FNA_60_Y1	P05	706	2	0.00441501103752759
P05_FNA_60_Y1	P05	93	2	0.00441501103752759
P05_FNA_0_Y1	P05	107	1	0.00460829493087558
P05_FNA_0_Y1	P05	111	1	0.00460829493087558
P05_FNA_0_Y1	P05	133	1	0.00460829493087558
P05_FNA_0_Y1	P05	136	1	0.00460829493087558
P05_FNA_0_Y1	P05	139	1	0.00460829493087558
P05_FNA_0_Y1	P05	144	1	0.00460829493087558
P05_FNA_0_Y1	P05	148	1	0.00460829493087558
P05_FNA_0_Y1	P05	15	1	0.00460829493087558
P05_FNA_0_Y1	P05	155	1	0.00460829493087558
P05_FNA_0_Y1	P05	167	1	0.00460829493087558
P05_FNA_0_Y1	P05	17	1	0.00460829493087558
P05_FNA_0_Y1	P05	176	1	0.00460829493087558
P05_FNA_0_Y1	P05	177	1	0.00460829493087558
P05_FNA_0_Y1	P05	18	1	0.00460829493087558
P05_FNA_0_Y1	P05	186	1	0.00460829493087558
P05_FNA_0_Y1	P05	19	1	0.00460829493087558
P05_FNA_0_Y1	P05	191	1	0.00460829493087558
P05_FNA_0_Y1	P05	193	1	0.00460829493087558
P05_FNA_0_Y1	P05	197	1	0.00460829493087558
P05_FNA_0_Y1	P05	207	1	0.00460829493087558
P05_FNA_0_Y1	P05	209	1	0.00460829493087558
P05_FNA_0_Y1	P05	215	1	0.00460829493087558
P05_FNA_0_Y1	P05	223	1	0.00460829493087558
P05_FNA_0_Y1	P05	241	1	0.00460829493087558
P05_FNA_0_Y1	P05	253	1	0.00460829493087558
P05_FNA_0_Y1	P05	26	1	0.00460829493087558
P05_FNA_0_Y1	P05	273	1	0.00460829493087558
P05_FNA_0_Y1	P05	278	1	0.00460829493087558
P05_FNA_0_Y1	P05	283	1	0.00460829493087558
P05_FNA_0_Y1	P05	290	1	0.00460829493087558
P05_FNA_0_Y1	P05	295	1	0.00460829493087558
P05_FNA_0_Y1	P05	298	1	0.00460829493087558
P05_FNA_0_Y1	P05	299	1	0.00460829493087558
P05_FNA_0_Y1	P05	304	1	0.00460829493087558
P05_FNA_0_Y1	P05	313	1	0.00460829493087558
P05_FNA_0_Y1	P05	322	1	0.00460829493087558
P05_FNA_0_Y1	P05	327	1	0.00460829493087558
P05_FNA_0_Y1	P05	328	1	0.00460829493087558
P05_FNA_0_Y1	P05	336	1	0.00460829493087558
P05_FNA_0_Y1	P05	337	1	0.00460829493087558
P05_FNA_0_Y1	P05	338	1	0.00460829493087558
P05_FNA_0_Y1	P05	34	1	0.00460829493087558
P05_FNA_0_Y1	P05	342	1	0.00460829493087558
P05_FNA_0_Y1	P05	345	1	0.00460829493087558
P05_FNA_0_Y1	P05	37	1	0.00460829493087558
P05_FNA_0_Y1	P05	375	1	0.00460829493087558
P05_FNA_0_Y1	P05	379	1	0.00460829493087558
P05_FNA_0_Y1	P05	383	1	0.00460829493087558
P05_FNA_0_Y1	P05	385	1	0.00460829493087558
P05_FNA_0_Y1	P05	388	1	0.00460829493087558
P05_FNA_0_Y1	P05	393	1	0.00460829493087558
P05_FNA_0_Y1	P05	395	1	0.00460829493087558
P05_FNA_0_Y1	P05	407	1	0.00460829493087558
P05_FNA_0_Y1	P05	417	1	0.00460829493087558
P05_FNA_0_Y1	P05	421	1	0.00460829493087558
P05_FNA_0_Y1	P05	427	1	0.00460829493087558
P05_FNA_0_Y1	P05	431	1	0.00460829493087558
P05_FNA_0_Y1	P05	433	1	0.00460829493087558
P05_FNA_0_Y1	P05	434	1	0.00460829493087558
P05_FNA_0_Y1	P05	438	1	0.00460829493087558
P05_FNA_0_Y1	P05	44	1	0.00460829493087558
P05_FNA_0_Y1	P05	452	1	0.00460829493087558
P05_FNA_0_Y1	P05	460	1	0.00460829493087558
P05_FNA_0_Y1	P05	462	1	0.00460829493087558
P05_FNA_0_Y1	P05	463	1	0.00460829493087558
P05_FNA_0_Y1	P05	465	1	0.00460829493087558
P05_FNA_0_Y1	P05	469	1	0.00460829493087558
P05_FNA_0_Y1	P05	47	1	0.00460829493087558
P05_FNA_0_Y1	P05	471	1	0.00460829493087558
P05_FNA_0_Y1	P05	474	1	0.00460829493087558
P05_FNA_0_Y1	P05	48	1	0.00460829493087558
P05_FNA_0_Y1	P05	483	1	0.00460829493087558
P05_FNA_0_Y1	P05	484	1	0.00460829493087558
P05_FNA_0_Y1	P05	485	1	0.00460829493087558
P05_FNA_0_Y1	P05	49	1	0.00460829493087558
P05_FNA_0_Y1	P05	495	1	0.00460829493087558
P05_FNA_0_Y1	P05	499	1	0.00460829493087558
P05_FNA_0_Y1	P05	5	1	0.00460829493087558
P05_FNA_0_Y1	P05	502	1	0.00460829493087558
P05_FNA_0_Y1	P05	503	1	0.00460829493087558
P05_FNA_0_Y1	P05	504	1	0.00460829493087558
P05_FNA_0_Y1	P05	506	1	0.00460829493087558
P05_FNA_0_Y1	P05	512	1	0.00460829493087558
P05_FNA_0_Y1	P05	521	1	0.00460829493087558
P05_FNA_0_Y1	P05	531	1	0.00460829493087558
P05_FNA_0_Y1	P05	534	1	0.00460829493087558
P05_FNA_0_Y1	P05	54	1	0.00460829493087558
P05_FNA_0_Y1	P05	546	1	0.00460829493087558
P05_FNA_0_Y1	P05	555	1	0.00460829493087558
P05_FNA_0_Y1	P05	56	1	0.00460829493087558
P05_FNA_0_Y1	P05	564	1	0.00460829493087558
P05_FNA_0_Y1	P05	574	1	0.00460829493087558
P05_FNA_0_Y1	P05	575	1	0.00460829493087558
P05_FNA_0_Y1	P05	582	1	0.00460829493087558
P05_FNA_0_Y1	P05	597	1	0.00460829493087558
P05_FNA_0_Y1	P05	599	1	0.00460829493087558
P05_FNA_0_Y1	P05	606	1	0.00460829493087558
P05_FNA_0_Y1	P05	609	1	0.00460829493087558
P05_FNA_0_Y1	P05	611	1	0.00460829493087558
P05_FNA_0_Y1	P05	625	1	0.00460829493087558
P05_FNA_0_Y1	P05	629	1	0.00460829493087558
P05_FNA_0_Y1	P05	635	1	0.00460829493087558
P05_FNA_0_Y1	P05	647	1	0.00460829493087558
P05_FNA_0_Y1	P05	651	1	0.00460829493087558
P05_FNA_0_Y1	P05	652	1	0.00460829493087558
P05_FNA_0_Y1	P05	654	1	0.00460829493087558
P05_FNA_0_Y1	P05	66	1	0.00460829493087558
P05_FNA_0_Y1	P05	662	1	0.00460829493087558
P05_FNA_0_Y1	P05	665	1	0.00460829493087558
P05_FNA_0_Y1	P05	667	1	0.00460829493087558
P05_FNA_0_Y1	P05	669	1	0.00460829493087558
P05_FNA_0_Y1	P05	676	1	0.00460829493087558
P05_FNA_0_Y1	P05	680	1	0.00460829493087558
P05_FNA_0_Y1	P05	69	1	0.00460829493087558
P05_FNA_0_Y1	P05	696	1	0.00460829493087558
P05_FNA_0_Y1	P05	697	1	0.00460829493087558
P05_FNA_0_Y1	P05	7	1	0.00460829493087558
P05_FNA_0_Y1	P05	71	1	0.00460829493087558
P05_FNA_0_Y1	P05	713	1	0.00460829493087558
P05_FNA_0_Y1	P05	76	1	0.00460829493087558
P05_FNA_0_Y1	P05	80	1	0.00460829493087558
P05_FNA_0_Y1	P05	81	1	0.00460829493087558
P05_FNA_0_Y1	P05	82	1	0.00460829493087558
P05_FNA_0_Y1	P05	83	1	0.00460829493087558
P05_FNA_0_Y1	P05	86	1	0.00460829493087558
P05_FNA_0_Y1	P05	89	1	0.00460829493087558
P05_FNA_0_Y1	P05	94	1	0.00460829493087558
P05_FNA_0_Y1	P05	98	1	0.00460829493087558
P05_FNA_12_Y1	P05	10	1	0.00480769230769231
P05_FNA_12_Y1	P05	107	1	0.00480769230769231
P05_FNA_12_Y1	P05	109	1	0.00480769230769231
P05_FNA_12_Y1	P05	111	1	0.00480769230769231
P05_FNA_12_Y1	P05	112	1	0.00480769230769231
P05_FNA_12_Y1	P05	115	1	0.00480769230769231
P05_FNA_12_Y1	P05	121	1	0.00480769230769231
P05_FNA_12_Y1	P05	125	1	0.00480769230769231
P05_FNA_12_Y1	P05	127	1	0.00480769230769231
P05_FNA_12_Y1	P05	136	1	0.00480769230769231
P05_FNA_12_Y1	P05	140	1	0.00480769230769231
P05_FNA_12_Y1	P05	146	1	0.00480769230769231
P05_FNA_12_Y1	P05	151	1	0.00480769230769231
P05_FNA_12_Y1	P05	152	1	0.00480769230769231
P05_FNA_12_Y1	P05	153	1	0.00480769230769231
P05_FNA_12_Y1	P05	156	1	0.00480769230769231
P05_FNA_12_Y1	P05	164	1	0.00480769230769231
P05_FNA_12_Y1	P05	166	1	0.00480769230769231
P05_FNA_12_Y1	P05	173	1	0.00480769230769231
P05_FNA_12_Y1	P05	179	1	0.00480769230769231
P05_FNA_12_Y1	P05	185	1	0.00480769230769231
P05_FNA_12_Y1	P05	195	1	0.00480769230769231
P05_FNA_12_Y1	P05	204	1	0.00480769230769231
P05_FNA_12_Y1	P05	21	1	0.00480769230769231
P05_FNA_12_Y1	P05	211	1	0.00480769230769231
P05_FNA_12_Y1	P05	215	1	0.00480769230769231
P05_FNA_12_Y1	P05	216	1	0.00480769230769231
P05_FNA_12_Y1	P05	227	1	0.00480769230769231
P05_FNA_12_Y1	P05	228	1	0.00480769230769231
P05_FNA_12_Y1	P05	230	1	0.00480769230769231
P05_FNA_12_Y1	P05	242	1	0.00480769230769231
P05_FNA_12_Y1	P05	256	1	0.00480769230769231
P05_FNA_12_Y1	P05	264	1	0.00480769230769231
P05_FNA_12_Y1	P05	274	1	0.00480769230769231
P05_FNA_12_Y1	P05	276	1	0.00480769230769231
P05_FNA_12_Y1	P05	280	1	0.00480769230769231
P05_FNA_12_Y1	P05	282	1	0.00480769230769231
P05_FNA_12_Y1	P05	285	1	0.00480769230769231
P05_FNA_12_Y1	P05	288	1	0.00480769230769231
P05_FNA_12_Y1	P05	292	1	0.00480769230769231
P05_FNA_12_Y1	P05	293	1	0.00480769230769231
P05_FNA_12_Y1	P05	310	1	0.00480769230769231
P05_FNA_12_Y1	P05	318	1	0.00480769230769231
P05_FNA_12_Y1	P05	320	1	0.00480769230769231
P05_FNA_12_Y1	P05	329	1	0.00480769230769231
P05_FNA_12_Y1	P05	335	1	0.00480769230769231
P05_FNA_12_Y1	P05	340	1	0.00480769230769231
P05_FNA_12_Y1	P05	36	1	0.00480769230769231
P05_FNA_12_Y1	P05	363	1	0.00480769230769231
P05_FNA_12_Y1	P05	370	1	0.00480769230769231
P05_FNA_12_Y1	P05	372	1	0.00480769230769231
P05_FNA_12_Y1	P05	376	1	0.00480769230769231
P05_FNA_12_Y1	P05	378	1	0.00480769230769231
P05_FNA_12_Y1	P05	39	1	0.00480769230769231
P05_FNA_12_Y1	P05	391	1	0.00480769230769231
P05_FNA_12_Y1	P05	399	1	0.00480769230769231
P05_FNA_12_Y1	P05	402	1	0.00480769230769231
P05_FNA_12_Y1	P05	408	1	0.00480769230769231
P05_FNA_12_Y1	P05	41	1	0.00480769230769231
P05_FNA_12_Y1	P05	420	1	0.00480769230769231
P05_FNA_12_Y1	P05	421	1	0.00480769230769231
P05_FNA_12_Y1	P05	423	1	0.00480769230769231
P05_FNA_12_Y1	P05	424	1	0.00480769230769231
P05_FNA_12_Y1	P05	427	1	0.00480769230769231
P05_FNA_12_Y1	P05	437	1	0.00480769230769231
P05_FNA_12_Y1	P05	448	1	0.00480769230769231
P05_FNA_12_Y1	P05	45	1	0.00480769230769231
P05_FNA_12_Y1	P05	452	1	0.00480769230769231
P05_FNA_12_Y1	P05	456	1	0.00480769230769231
P05_FNA_12_Y1	P05	46	1	0.00480769230769231
P05_FNA_12_Y1	P05	469	1	0.00480769230769231
P05_FNA_12_Y1	P05	47	1	0.00480769230769231
P05_FNA_12_Y1	P05	471	1	0.00480769230769231
P05_FNA_12_Y1	P05	475	1	0.00480769230769231
P05_FNA_12_Y1	P05	477	1	0.00480769230769231
P05_FNA_12_Y1	P05	482	1	0.00480769230769231
P05_FNA_12_Y1	P05	483	1	0.00480769230769231
P05_FNA_12_Y1	P05	488	1	0.00480769230769231
P05_FNA_12_Y1	P05	493	1	0.00480769230769231
P05_FNA_12_Y1	P05	496	1	0.00480769230769231
P05_FNA_12_Y1	P05	498	1	0.00480769230769231
P05_FNA_12_Y1	P05	499	1	0.00480769230769231
P05_FNA_12_Y1	P05	502	1	0.00480769230769231
P05_FNA_12_Y1	P05	51	1	0.00480769230769231
P05_FNA_12_Y1	P05	512	1	0.00480769230769231
P05_FNA_12_Y1	P05	514	1	0.00480769230769231
P05_FNA_12_Y1	P05	515	1	0.00480769230769231
P05_FNA_12_Y1	P05	518	1	0.00480769230769231
P05_FNA_12_Y1	P05	521	1	0.00480769230769231
P05_FNA_12_Y1	P05	522	1	0.00480769230769231
P05_FNA_12_Y1	P05	524	1	0.00480769230769231
P05_FNA_12_Y1	P05	53	1	0.00480769230769231
P05_FNA_12_Y1	P05	530	1	0.00480769230769231
P05_FNA_12_Y1	P05	531	1	0.00480769230769231
P05_FNA_12_Y1	P05	535	1	0.00480769230769231
P05_FNA_12_Y1	P05	536	1	0.00480769230769231
P05_FNA_12_Y1	P05	538	1	0.00480769230769231
P05_FNA_12_Y1	P05	54	1	0.00480769230769231
P05_FNA_12_Y1	P05	543	1	0.00480769230769231
P05_FNA_12_Y1	P05	560	1	0.00480769230769231
P05_FNA_12_Y1	P05	561	1	0.00480769230769231
P05_FNA_12_Y1	P05	568	1	0.00480769230769231
P05_FNA_12_Y1	P05	569	1	0.00480769230769231
P05_FNA_12_Y1	P05	573	1	0.00480769230769231
P05_FNA_12_Y1	P05	577	1	0.00480769230769231
P05_FNA_12_Y1	P05	580	1	0.00480769230769231
P05_FNA_12_Y1	P05	581	1	0.00480769230769231
P05_FNA_12_Y1	P05	582	1	0.00480769230769231
P05_FNA_12_Y1	P05	583	1	0.00480769230769231
P05_FNA_12_Y1	P05	589	1	0.00480769230769231
P05_FNA_12_Y1	P05	594	1	0.00480769230769231
P05_FNA_12_Y1	P05	596	1	0.00480769230769231
P05_FNA_12_Y1	P05	600	1	0.00480769230769231
P05_FNA_12_Y1	P05	608	1	0.00480769230769231
P05_FNA_12_Y1	P05	61	1	0.00480769230769231
P05_FNA_12_Y1	P05	616	1	0.00480769230769231
P05_FNA_12_Y1	P05	636	1	0.00480769230769231
P05_FNA_12_Y1	P05	649	1	0.00480769230769231
P05_FNA_12_Y1	P05	652	1	0.00480769230769231
P05_FNA_12_Y1	P05	658	1	0.00480769230769231
P05_FNA_12_Y1	P05	666	1	0.00480769230769231
P05_FNA_12_Y1	P05	694	1	0.00480769230769231
P05_FNA_12_Y1	P05	696	1	0.00480769230769231
P05_FNA_12_Y1	P05	701	1	0.00480769230769231
P05_FNA_12_Y1	P05	708	1	0.00480769230769231
P05_FNA_12_Y1	P05	715	1	0.00480769230769231
P05_FNA_12_Y1	P05	8	1	0.00480769230769231
P05_FNA_12_Y1	P05	99	1	0.00480769230769231
P05_FNA_2_0_Y1	P05	106	1	0.00341296928327645
P05_FNA_2_0_Y1	P05	113	1	0.00341296928327645
P05_FNA_2_0_Y1	P05	114	1	0.00341296928327645
P05_FNA_2_0_Y1	P05	119	1	0.00341296928327645
P05_FNA_2_0_Y1	P05	12	1	0.00341296928327645
P05_FNA_2_0_Y1	P05	121	1	0.00341296928327645
P05_FNA_2_0_Y1	P05	122	1	0.00341296928327645
P05_FNA_2_0_Y1	P05	123	1	0.00341296928327645
P05_FNA_2_0_Y1	P05	124	1	0.00341296928327645
P05_FNA_2_0_Y1	P05	126	1	0.00341296928327645
P05_FNA_2_0_Y1	P05	128	1	0.00341296928327645
P05_FNA_2_0_Y1	P05	130	1	0.00341296928327645
P05_FNA_2_0_Y1	P05	132	1	0.00341296928327645
P05_FNA_2_0_Y1	P05	143	1	0.00341296928327645
P05_FNA_2_0_Y1	P05	144	1	0.00341296928327645
P05_FNA_2_0_Y1	P05	15	1	0.00341296928327645
P05_FNA_2_0_Y1	P05	150	1	0.00341296928327645
P05_FNA_2_0_Y1	P05	156	1	0.00341296928327645
P05_FNA_2_0_Y1	P05	16	1	0.00341296928327645
P05_FNA_2_0_Y1	P05	160	1	0.00341296928327645
P05_FNA_2_0_Y1	P05	169	1	0.00341296928327645
P05_FNA_2_0_Y1	P05	171	1	0.00341296928327645
P05_FNA_2_0_Y1	P05	178	1	0.00341296928327645
P05_FNA_2_0_Y1	P05	182	1	0.00341296928327645
P05_FNA_2_0_Y1	P05	19	1	0.00341296928327645
P05_FNA_2_0_Y1	P05	191	1	0.00341296928327645
P05_FNA_2_0_Y1	P05	194	1	0.00341296928327645
P05_FNA_2_0_Y1	P05	200	1	0.00341296928327645
P05_FNA_2_0_Y1	P05	204	1	0.00341296928327645
P05_FNA_2_0_Y1	P05	210	1	0.00341296928327645
P05_FNA_2_0_Y1	P05	213	1	0.00341296928327645
P05_FNA_2_0_Y1	P05	214	1	0.00341296928327645
P05_FNA_2_0_Y1	P05	221	1	0.00341296928327645
P05_FNA_2_0_Y1	P05	238	1	0.00341296928327645
P05_FNA_2_0_Y1	P05	253	1	0.00341296928327645
P05_FNA_2_0_Y1	P05	256	1	0.00341296928327645
P05_FNA_2_0_Y1	P05	257	1	0.00341296928327645
P05_FNA_2_0_Y1	P05	258	1	0.00341296928327645
P05_FNA_2_0_Y1	P05	265	1	0.00341296928327645
P05_FNA_2_0_Y1	P05	27	1	0.00341296928327645
P05_FNA_2_0_Y1	P05	270	1	0.00341296928327645
P05_FNA_2_0_Y1	P05	278	1	0.00341296928327645
P05_FNA_2_0_Y1	P05	279	1	0.00341296928327645
P05_FNA_2_0_Y1	P05	283	1	0.00341296928327645
P05_FNA_2_0_Y1	P05	285	1	0.00341296928327645
P05_FNA_2_0_Y1	P05	289	1	0.00341296928327645
P05_FNA_2_0_Y1	P05	292	1	0.00341296928327645
P05_FNA_2_0_Y1	P05	306	1	0.00341296928327645
P05_FNA_2_0_Y1	P05	309	1	0.00341296928327645
P05_FNA_2_0_Y1	P05	31	1	0.00341296928327645
P05_FNA_2_0_Y1	P05	317	1	0.00341296928327645
P05_FNA_2_0_Y1	P05	323	1	0.00341296928327645
P05_FNA_2_0_Y1	P05	328	1	0.00341296928327645
P05_FNA_2_0_Y1	P05	329	1	0.00341296928327645
P05_FNA_2_0_Y1	P05	33	1	0.00341296928327645
P05_FNA_2_0_Y1	P05	330	1	0.00341296928327645
P05_FNA_2_0_Y1	P05	334	1	0.00341296928327645
P05_FNA_2_0_Y1	P05	340	1	0.00341296928327645
P05_FNA_2_0_Y1	P05	342	1	0.00341296928327645
P05_FNA_2_0_Y1	P05	347	1	0.00341296928327645
P05_FNA_2_0_Y1	P05	351	1	0.00341296928327645
P05_FNA_2_0_Y1	P05	359	1	0.00341296928327645
P05_FNA_2_0_Y1	P05	364	1	0.00341296928327645
P05_FNA_2_0_Y1	P05	38	1	0.00341296928327645
P05_FNA_2_0_Y1	P05	381	1	0.00341296928327645
P05_FNA_2_0_Y1	P05	390	1	0.00341296928327645
P05_FNA_2_0_Y1	P05	397	1	0.00341296928327645
P05_FNA_2_0_Y1	P05	40	1	0.00341296928327645
P05_FNA_2_0_Y1	P05	400	1	0.00341296928327645
P05_FNA_2_0_Y1	P05	401	1	0.00341296928327645
P05_FNA_2_0_Y1	P05	406	1	0.00341296928327645
P05_FNA_2_0_Y1	P05	416	1	0.00341296928327645
P05_FNA_2_0_Y1	P05	417	1	0.00341296928327645
P05_FNA_2_0_Y1	P05	418	1	0.00341296928327645
P05_FNA_2_0_Y1	P05	419	1	0.00341296928327645
P05_FNA_2_0_Y1	P05	433	1	0.00341296928327645
P05_FNA_2_0_Y1	P05	434	1	0.00341296928327645
P05_FNA_2_0_Y1	P05	435	1	0.00341296928327645
P05_FNA_2_0_Y1	P05	437	1	0.00341296928327645
P05_FNA_2_0_Y1	P05	439	1	0.00341296928327645
P05_FNA_2_0_Y1	P05	45	1	0.00341296928327645
P05_FNA_2_0_Y1	P05	450	1	0.00341296928327645
P05_FNA_2_0_Y1	P05	451	1	0.00341296928327645
P05_FNA_2_0_Y1	P05	457	1	0.00341296928327645
P05_FNA_2_0_Y1	P05	458	1	0.00341296928327645
P05_FNA_2_0_Y1	P05	459	1	0.00341296928327645
P05_FNA_2_0_Y1	P05	46	1	0.00341296928327645
P05_FNA_2_0_Y1	P05	460	1	0.00341296928327645
P05_FNA_2_0_Y1	P05	468	1	0.00341296928327645
P05_FNA_2_0_Y1	P05	469	1	0.00341296928327645
P05_FNA_2_0_Y1	P05	479	1	0.00341296928327645
P05_FNA_2_0_Y1	P05	481	1	0.00341296928327645
P05_FNA_2_0_Y1	P05	484	1	0.00341296928327645
P05_FNA_2_0_Y1	P05	489	1	0.00341296928327645
P05_FNA_2_0_Y1	P05	49	1	0.00341296928327645
P05_FNA_2_0_Y1	P05	492	1	0.00341296928327645
P05_FNA_2_0_Y1	P05	493	1	0.00341296928327645
P05_FNA_2_0_Y1	P05	508	1	0.00341296928327645
P05_FNA_2_0_Y1	P05	514	1	0.00341296928327645
P05_FNA_2_0_Y1	P05	519	1	0.00341296928327645
P05_FNA_2_0_Y1	P05	521	1	0.00341296928327645
P05_FNA_2_0_Y1	P05	529	1	0.00341296928327645
P05_FNA_2_0_Y1	P05	53	1	0.00341296928327645
P05_FNA_2_0_Y1	P05	540	1	0.00341296928327645
P05_FNA_2_0_Y1	P05	554	1	0.00341296928327645
P05_FNA_2_0_Y1	P05	558	1	0.00341296928327645
P05_FNA_2_0_Y1	P05	56	1	0.00341296928327645
P05_FNA_2_0_Y1	P05	562	1	0.00341296928327645
P05_FNA_2_0_Y1	P05	569	1	0.00341296928327645
P05_FNA_2_0_Y1	P05	572	1	0.00341296928327645
P05_FNA_2_0_Y1	P05	576	1	0.00341296928327645
P05_FNA_2_0_Y1	P05	588	1	0.00341296928327645
P05_FNA_2_0_Y1	P05	591	1	0.00341296928327645
P05_FNA_2_0_Y1	P05	595	1	0.00341296928327645
P05_FNA_2_0_Y1	P05	597	1	0.00341296928327645
P05_FNA_2_0_Y1	P05	599	1	0.00341296928327645
P05_FNA_2_0_Y1	P05	60	1	0.00341296928327645
P05_FNA_2_0_Y1	P05	617	1	0.00341296928327645
P05_FNA_2_0_Y1	P05	618	1	0.00341296928327645
P05_FNA_2_0_Y1	P05	620	1	0.00341296928327645
P05_FNA_2_0_Y1	P05	626	1	0.00341296928327645
P05_FNA_2_0_Y1	P05	628	1	0.00341296928327645
P05_FNA_2_0_Y1	P05	629	1	0.00341296928327645
P05_FNA_2_0_Y1	P05	647	1	0.00341296928327645
P05_FNA_2_0_Y1	P05	652	1	0.00341296928327645
P05_FNA_2_0_Y1	P05	653	1	0.00341296928327645
P05_FNA_2_0_Y1	P05	654	1	0.00341296928327645
P05_FNA_2_0_Y1	P05	655	1	0.00341296928327645
P05_FNA_2_0_Y1	P05	66	1	0.00341296928327645
P05_FNA_2_0_Y1	P05	665	1	0.00341296928327645
P05_FNA_2_0_Y1	P05	667	1	0.00341296928327645
P05_FNA_2_0_Y1	P05	668	1	0.00341296928327645
P05_FNA_2_0_Y1	P05	67	1	0.00341296928327645
P05_FNA_2_0_Y1	P05	671	1	0.00341296928327645
P05_FNA_2_0_Y1	P05	675	1	0.00341296928327645
P05_FNA_2_0_Y1	P05	68	1	0.00341296928327645
P05_FNA_2_0_Y1	P05	681	1	0.00341296928327645
P05_FNA_2_0_Y1	P05	684	1	0.00341296928327645
P05_FNA_2_0_Y1	P05	690	1	0.00341296928327645
P05_FNA_2_0_Y1	P05	691	1	0.00341296928327645
P05_FNA_2_0_Y1	P05	692	1	0.00341296928327645
P05_FNA_2_0_Y1	P05	696	1	0.00341296928327645
P05_FNA_2_0_Y1	P05	697	1	0.00341296928327645
P05_FNA_2_0_Y1	P05	701	1	0.00341296928327645
P05_FNA_2_0_Y1	P05	705	1	0.00341296928327645
P05_FNA_2_0_Y1	P05	709	1	0.00341296928327645
P05_FNA_2_0_Y1	P05	78	1	0.00341296928327645
P05_FNA_2_0_Y1	P05	79	1	0.00341296928327645
P05_FNA_2_0_Y1	P05	82	1	0.00341296928327645
P05_FNA_2_12_Y1	P05	106	1	0.00555555555555556
P05_FNA_2_12_Y1	P05	107	1	0.00555555555555556
P05_FNA_2_12_Y1	P05	110	1	0.00555555555555556
P05_FNA_2_12_Y1	P05	114	1	0.00555555555555556
P05_FNA_2_12_Y1	P05	115	1	0.00555555555555556
P05_FNA_2_12_Y1	P05	119	1	0.00555555555555556
P05_FNA_2_12_Y1	P05	121	1	0.00555555555555556
P05_FNA_2_12_Y1	P05	125	1	0.00555555555555556
P05_FNA_2_12_Y1	P05	13	1	0.00555555555555556
P05_FNA_2_12_Y1	P05	134	1	0.00555555555555556
P05_FNA_2_12_Y1	P05	136	1	0.00555555555555556
P05_FNA_2_12_Y1	P05	151	1	0.00555555555555556
P05_FNA_2_12_Y1	P05	157	1	0.00555555555555556
P05_FNA_2_12_Y1	P05	159	1	0.00555555555555556
P05_FNA_2_12_Y1	P05	160	1	0.00555555555555556
P05_FNA_2_12_Y1	P05	162	1	0.00555555555555556
P05_FNA_2_12_Y1	P05	163	1	0.00555555555555556
P05_FNA_2_12_Y1	P05	164	1	0.00555555555555556
P05_FNA_2_12_Y1	P05	176	1	0.00555555555555556
P05_FNA_2_12_Y1	P05	182	1	0.00555555555555556
P05_FNA_2_12_Y1	P05	183	1	0.00555555555555556
P05_FNA_2_12_Y1	P05	188	1	0.00555555555555556
P05_FNA_2_12_Y1	P05	197	1	0.00555555555555556
P05_FNA_2_12_Y1	P05	200	1	0.00555555555555556
P05_FNA_2_12_Y1	P05	201	1	0.00555555555555556
P05_FNA_2_12_Y1	P05	235	1	0.00555555555555556
P05_FNA_2_12_Y1	P05	237	1	0.00555555555555556
P05_FNA_2_12_Y1	P05	246	1	0.00555555555555556
P05_FNA_2_12_Y1	P05	249	1	0.00555555555555556
P05_FNA_2_12_Y1	P05	255	1	0.00555555555555556
P05_FNA_2_12_Y1	P05	259	1	0.00555555555555556
P05_FNA_2_12_Y1	P05	266	1	0.00555555555555556
P05_FNA_2_12_Y1	P05	27	1	0.00555555555555556
P05_FNA_2_12_Y1	P05	273	1	0.00555555555555556
P05_FNA_2_12_Y1	P05	282	1	0.00555555555555556
P05_FNA_2_12_Y1	P05	29	1	0.00555555555555556
P05_FNA_2_12_Y1	P05	305	1	0.00555555555555556
P05_FNA_2_12_Y1	P05	311	1	0.00555555555555556
P05_FNA_2_12_Y1	P05	327	1	0.00555555555555556
P05_FNA_2_12_Y1	P05	328	1	0.00555555555555556
P05_FNA_2_12_Y1	P05	372	1	0.00555555555555556
P05_FNA_2_12_Y1	P05	376	1	0.00555555555555556
P05_FNA_2_12_Y1	P05	380	1	0.00555555555555556
P05_FNA_2_12_Y1	P05	381	1	0.00555555555555556
P05_FNA_2_12_Y1	P05	392	1	0.00555555555555556
P05_FNA_2_12_Y1	P05	401	1	0.00555555555555556
P05_FNA_2_12_Y1	P05	421	1	0.00555555555555556
P05_FNA_2_12_Y1	P05	422	1	0.00555555555555556
P05_FNA_2_12_Y1	P05	431	1	0.00555555555555556
P05_FNA_2_12_Y1	P05	435	1	0.00555555555555556
P05_FNA_2_12_Y1	P05	438	1	0.00555555555555556
P05_FNA_2_12_Y1	P05	44	1	0.00555555555555556
P05_FNA_2_12_Y1	P05	443	1	0.00555555555555556
P05_FNA_2_12_Y1	P05	448	1	0.00555555555555556
P05_FNA_2_12_Y1	P05	453	1	0.00555555555555556
P05_FNA_2_12_Y1	P05	454	1	0.00555555555555556
P05_FNA_2_12_Y1	P05	458	1	0.00555555555555556
P05_FNA_2_12_Y1	P05	459	1	0.00555555555555556
P05_FNA_2_12_Y1	P05	469	1	0.00555555555555556
P05_FNA_2_12_Y1	P05	473	1	0.00555555555555556
P05_FNA_2_12_Y1	P05	476	1	0.00555555555555556
P05_FNA_2_12_Y1	P05	483	1	0.00555555555555556
P05_FNA_2_12_Y1	P05	501	1	0.00555555555555556
P05_FNA_2_12_Y1	P05	514	1	0.00555555555555556
P05_FNA_2_12_Y1	P05	517	1	0.00555555555555556
P05_FNA_2_12_Y1	P05	521	1	0.00555555555555556
P05_FNA_2_12_Y1	P05	523	1	0.00555555555555556
P05_FNA_2_12_Y1	P05	534	1	0.00555555555555556
P05_FNA_2_12_Y1	P05	536	1	0.00555555555555556
P05_FNA_2_12_Y1	P05	539	1	0.00555555555555556
P05_FNA_2_12_Y1	P05	540	1	0.00555555555555556
P05_FNA_2_12_Y1	P05	542	1	0.00555555555555556
P05_FNA_2_12_Y1	P05	546	1	0.00555555555555556
P05_FNA_2_12_Y1	P05	549	1	0.00555555555555556
P05_FNA_2_12_Y1	P05	551	1	0.00555555555555556
P05_FNA_2_12_Y1	P05	554	1	0.00555555555555556
P05_FNA_2_12_Y1	P05	584	1	0.00555555555555556
P05_FNA_2_12_Y1	P05	588	1	0.00555555555555556
P05_FNA_2_12_Y1	P05	597	1	0.00555555555555556
P05_FNA_2_12_Y1	P05	60	1	0.00555555555555556
P05_FNA_2_12_Y1	P05	600	1	0.00555555555555556
P05_FNA_2_12_Y1	P05	610	1	0.00555555555555556
P05_FNA_2_12_Y1	P05	611	1	0.00555555555555556
P05_FNA_2_12_Y1	P05	618	1	0.00555555555555556
P05_FNA_2_12_Y1	P05	624	1	0.00555555555555556
P05_FNA_2_12_Y1	P05	629	1	0.00555555555555556
P05_FNA_2_12_Y1	P05	656	1	0.00555555555555556
P05_FNA_2_12_Y1	P05	659	1	0.00555555555555556
P05_FNA_2_12_Y1	P05	67	1	0.00555555555555556
P05_FNA_2_12_Y1	P05	673	1	0.00555555555555556
P05_FNA_2_12_Y1	P05	681	1	0.00555555555555556
P05_FNA_2_12_Y1	P05	686	1	0.00555555555555556
P05_FNA_2_12_Y1	P05	688	1	0.00555555555555556
P05_FNA_2_12_Y1	P05	701	1	0.00555555555555556
P05_FNA_2_12_Y1	P05	83	1	0.00555555555555556
P05_FNA_2_12_Y1	P05	9	1	0.00555555555555556
P05_FNA_2_12_Y1	P05	92	1	0.00555555555555556
P05_FNA_2_12_Y1	P05	98	1	0.00555555555555556
P05_FNA_2_12_Y1	P05	99	1	0.00555555555555556
P05_FNA_2_28_Y1	P05	105	1	0.00452488687782805
P05_FNA_2_28_Y1	P05	110	1	0.00452488687782805
P05_FNA_2_28_Y1	P05	113	1	0.00452488687782805
P05_FNA_2_28_Y1	P05	12	1	0.00452488687782805
P05_FNA_2_28_Y1	P05	120	1	0.00452488687782805
P05_FNA_2_28_Y1	P05	132	1	0.00452488687782805
P05_FNA_2_28_Y1	P05	134	1	0.00452488687782805
P05_FNA_2_28_Y1	P05	137	1	0.00452488687782805
P05_FNA_2_28_Y1	P05	142	1	0.00452488687782805
P05_FNA_2_28_Y1	P05	144	1	0.00452488687782805
P05_FNA_2_28_Y1	P05	152	1	0.00452488687782805
P05_FNA_2_28_Y1	P05	154	1	0.00452488687782805
P05_FNA_2_28_Y1	P05	155	1	0.00452488687782805
P05_FNA_2_28_Y1	P05	160	1	0.00452488687782805
P05_FNA_2_28_Y1	P05	17	1	0.00452488687782805
P05_FNA_2_28_Y1	P05	18	1	0.00452488687782805
P05_FNA_2_28_Y1	P05	180	1	0.00452488687782805
P05_FNA_2_28_Y1	P05	184	1	0.00452488687782805
P05_FNA_2_28_Y1	P05	188	1	0.00452488687782805
P05_FNA_2_28_Y1	P05	196	1	0.00452488687782805
P05_FNA_2_28_Y1	P05	199	1	0.00452488687782805
P05_FNA_2_28_Y1	P05	201	1	0.00452488687782805
P05_FNA_2_28_Y1	P05	202	1	0.00452488687782805
P05_FNA_2_28_Y1	P05	213	1	0.00452488687782805
P05_FNA_2_28_Y1	P05	221	1	0.00452488687782805
P05_FNA_2_28_Y1	P05	224	1	0.00452488687782805
P05_FNA_2_28_Y1	P05	228	1	0.00452488687782805
P05_FNA_2_28_Y1	P05	232	1	0.00452488687782805
P05_FNA_2_28_Y1	P05	235	1	0.00452488687782805
P05_FNA_2_28_Y1	P05	239	1	0.00452488687782805
P05_FNA_2_28_Y1	P05	248	1	0.00452488687782805
P05_FNA_2_28_Y1	P05	257	1	0.00452488687782805
P05_FNA_2_28_Y1	P05	271	1	0.00452488687782805
P05_FNA_2_28_Y1	P05	272	1	0.00452488687782805
P05_FNA_2_28_Y1	P05	274	1	0.00452488687782805
P05_FNA_2_28_Y1	P05	28	1	0.00452488687782805
P05_FNA_2_28_Y1	P05	282	1	0.00452488687782805
P05_FNA_2_28_Y1	P05	283	1	0.00452488687782805
P05_FNA_2_28_Y1	P05	284	1	0.00452488687782805
P05_FNA_2_28_Y1	P05	287	1	0.00452488687782805
P05_FNA_2_28_Y1	P05	290	1	0.00452488687782805
P05_FNA_2_28_Y1	P05	298	1	0.00452488687782805
P05_FNA_2_28_Y1	P05	299	1	0.00452488687782805
P05_FNA_2_28_Y1	P05	3	1	0.00452488687782805
P05_FNA_2_28_Y1	P05	300	1	0.00452488687782805
P05_FNA_2_28_Y1	P05	315	1	0.00452488687782805
P05_FNA_2_28_Y1	P05	32	1	0.00452488687782805
P05_FNA_2_28_Y1	P05	325	1	0.00452488687782805
P05_FNA_2_28_Y1	P05	327	1	0.00452488687782805
P05_FNA_2_28_Y1	P05	329	1	0.00452488687782805
P05_FNA_2_28_Y1	P05	332	1	0.00452488687782805
P05_FNA_2_28_Y1	P05	333	1	0.00452488687782805
P05_FNA_2_28_Y1	P05	334	1	0.00452488687782805
P05_FNA_2_28_Y1	P05	337	1	0.00452488687782805
P05_FNA_2_28_Y1	P05	348	1	0.00452488687782805
P05_FNA_2_28_Y1	P05	367	1	0.00452488687782805
P05_FNA_2_28_Y1	P05	377	1	0.00452488687782805
P05_FNA_2_28_Y1	P05	383	1	0.00452488687782805
P05_FNA_2_28_Y1	P05	385	1	0.00452488687782805
P05_FNA_2_28_Y1	P05	390	1	0.00452488687782805
P05_FNA_2_28_Y1	P05	392	1	0.00452488687782805
P05_FNA_2_28_Y1	P05	397	1	0.00452488687782805
P05_FNA_2_28_Y1	P05	402	1	0.00452488687782805
P05_FNA_2_28_Y1	P05	414	1	0.00452488687782805
P05_FNA_2_28_Y1	P05	415	1	0.00452488687782805
P05_FNA_2_28_Y1	P05	418	1	0.00452488687782805
P05_FNA_2_28_Y1	P05	419	1	0.00452488687782805
P05_FNA_2_28_Y1	P05	422	1	0.00452488687782805
P05_FNA_2_28_Y1	P05	424	1	0.00452488687782805
P05_FNA_2_28_Y1	P05	429	1	0.00452488687782805
P05_FNA_2_28_Y1	P05	432	1	0.00452488687782805
P05_FNA_2_28_Y1	P05	434	1	0.00452488687782805
P05_FNA_2_28_Y1	P05	435	1	0.00452488687782805
P05_FNA_2_28_Y1	P05	438	1	0.00452488687782805
P05_FNA_2_28_Y1	P05	443	1	0.00452488687782805
P05_FNA_2_28_Y1	P05	449	1	0.00452488687782805
P05_FNA_2_28_Y1	P05	455	1	0.00452488687782805
P05_FNA_2_28_Y1	P05	459	1	0.00452488687782805
P05_FNA_2_28_Y1	P05	460	1	0.00452488687782805
P05_FNA_2_28_Y1	P05	47	1	0.00452488687782805
P05_FNA_2_28_Y1	P05	475	1	0.00452488687782805
P05_FNA_2_28_Y1	P05	484	1	0.00452488687782805
P05_FNA_2_28_Y1	P05	489	1	0.00452488687782805
P05_FNA_2_28_Y1	P05	495	1	0.00452488687782805
P05_FNA_2_28_Y1	P05	50	1	0.00452488687782805
P05_FNA_2_28_Y1	P05	507	1	0.00452488687782805
P05_FNA_2_28_Y1	P05	51	1	0.00452488687782805
P05_FNA_2_28_Y1	P05	523	1	0.00452488687782805
P05_FNA_2_28_Y1	P05	528	1	0.00452488687782805
P05_FNA_2_28_Y1	P05	533	1	0.00452488687782805
P05_FNA_2_28_Y1	P05	539	1	0.00452488687782805
P05_FNA_2_28_Y1	P05	540	1	0.00452488687782805
P05_FNA_2_28_Y1	P05	544	1	0.00452488687782805
P05_FNA_2_28_Y1	P05	546	1	0.00452488687782805
P05_FNA_2_28_Y1	P05	56	1	0.00452488687782805
P05_FNA_2_28_Y1	P05	563	1	0.00452488687782805
P05_FNA_2_28_Y1	P05	564	1	0.00452488687782805
P05_FNA_2_28_Y1	P05	565	1	0.00452488687782805
P05_FNA_2_28_Y1	P05	567	1	0.00452488687782805
P05_FNA_2_28_Y1	P05	573	1	0.00452488687782805
P05_FNA_2_28_Y1	P05	574	1	0.00452488687782805
P05_FNA_2_28_Y1	P05	575	1	0.00452488687782805
P05_FNA_2_28_Y1	P05	578	1	0.00452488687782805
P05_FNA_2_28_Y1	P05	585	1	0.00452488687782805
P05_FNA_2_28_Y1	P05	589	1	0.00452488687782805
P05_FNA_2_28_Y1	P05	591	1	0.00452488687782805
P05_FNA_2_28_Y1	P05	592	1	0.00452488687782805
P05_FNA_2_28_Y1	P05	597	1	0.00452488687782805
P05_FNA_2_28_Y1	P05	601	1	0.00452488687782805
P05_FNA_2_28_Y1	P05	61	1	0.00452488687782805
P05_FNA_2_28_Y1	P05	616	1	0.00452488687782805
P05_FNA_2_28_Y1	P05	618	1	0.00452488687782805
P05_FNA_2_28_Y1	P05	632	1	0.00452488687782805
P05_FNA_2_28_Y1	P05	637	1	0.00452488687782805
P05_FNA_2_28_Y1	P05	642	1	0.00452488687782805
P05_FNA_2_28_Y1	P05	65	1	0.00452488687782805
P05_FNA_2_28_Y1	P05	651	1	0.00452488687782805
P05_FNA_2_28_Y1	P05	653	1	0.00452488687782805
P05_FNA_2_28_Y1	P05	672	1	0.00452488687782805
P05_FNA_2_28_Y1	P05	683	1	0.00452488687782805
P05_FNA_2_28_Y1	P05	697	1	0.00452488687782805
P05_FNA_2_28_Y1	P05	699	1	0.00452488687782805
P05_FNA_2_28_Y1	P05	703	1	0.00452488687782805
P05_FNA_2_28_Y1	P05	76	1	0.00452488687782805
P05_FNA_2_28_Y1	P05	79	1	0.00452488687782805
P05_FNA_2_28_Y1	P05	83	1	0.00452488687782805
P05_FNA_2_28_Y1	P05	91	1	0.00452488687782805
P05_FNA_2_28_Y1	P05	93	1	0.00452488687782805
P05_FNA_2_5_Y1	P05	1	1	0.00408163265306122
P05_FNA_2_5_Y1	P05	103	1	0.00408163265306122
P05_FNA_2_5_Y1	P05	104	1	0.00408163265306122
P05_FNA_2_5_Y1	P05	106	1	0.00408163265306122
P05_FNA_2_5_Y1	P05	11	1	0.00408163265306122
P05_FNA_2_5_Y1	P05	112	1	0.00408163265306122
P05_FNA_2_5_Y1	P05	114	1	0.00408163265306122
P05_FNA_2_5_Y1	P05	125	1	0.00408163265306122
P05_FNA_2_5_Y1	P05	126	1	0.00408163265306122
P05_FNA_2_5_Y1	P05	130	1	0.00408163265306122
P05_FNA_2_5_Y1	P05	133	1	0.00408163265306122
P05_FNA_2_5_Y1	P05	134	1	0.00408163265306122
P05_FNA_2_5_Y1	P05	136	1	0.00408163265306122
P05_FNA_2_5_Y1	P05	137	1	0.00408163265306122
P05_FNA_2_5_Y1	P05	141	1	0.00408163265306122
P05_FNA_2_5_Y1	P05	142	1	0.00408163265306122
P05_FNA_2_5_Y1	P05	146	1	0.00408163265306122
P05_FNA_2_5_Y1	P05	149	1	0.00408163265306122
P05_FNA_2_5_Y1	P05	150	1	0.00408163265306122
P05_FNA_2_5_Y1	P05	163	1	0.00408163265306122
P05_FNA_2_5_Y1	P05	165	1	0.00408163265306122
P05_FNA_2_5_Y1	P05	167	1	0.00408163265306122
P05_FNA_2_5_Y1	P05	173	1	0.00408163265306122
P05_FNA_2_5_Y1	P05	175	1	0.00408163265306122
P05_FNA_2_5_Y1	P05	188	1	0.00408163265306122
P05_FNA_2_5_Y1	P05	189	1	0.00408163265306122
P05_FNA_2_5_Y1	P05	190	1	0.00408163265306122
P05_FNA_2_5_Y1	P05	192	1	0.00408163265306122
P05_FNA_2_5_Y1	P05	197	1	0.00408163265306122
P05_FNA_2_5_Y1	P05	199	1	0.00408163265306122
P05_FNA_2_5_Y1	P05	201	1	0.00408163265306122
P05_FNA_2_5_Y1	P05	203	1	0.00408163265306122
P05_FNA_2_5_Y1	P05	209	1	0.00408163265306122
P05_FNA_2_5_Y1	P05	21	1	0.00408163265306122
P05_FNA_2_5_Y1	P05	214	1	0.00408163265306122
P05_FNA_2_5_Y1	P05	227	1	0.00408163265306122
P05_FNA_2_5_Y1	P05	246	1	0.00408163265306122
P05_FNA_2_5_Y1	P05	255	1	0.00408163265306122
P05_FNA_2_5_Y1	P05	259	1	0.00408163265306122
P05_FNA_2_5_Y1	P05	261	1	0.00408163265306122
P05_FNA_2_5_Y1	P05	274	1	0.00408163265306122
P05_FNA_2_5_Y1	P05	278	1	0.00408163265306122
P05_FNA_2_5_Y1	P05	28	1	0.00408163265306122
P05_FNA_2_5_Y1	P05	283	1	0.00408163265306122
P05_FNA_2_5_Y1	P05	289	1	0.00408163265306122
P05_FNA_2_5_Y1	P05	291	1	0.00408163265306122
P05_FNA_2_5_Y1	P05	305	1	0.00408163265306122
P05_FNA_2_5_Y1	P05	306	1	0.00408163265306122
P05_FNA_2_5_Y1	P05	307	1	0.00408163265306122
P05_FNA_2_5_Y1	P05	311	1	0.00408163265306122
P05_FNA_2_5_Y1	P05	312	1	0.00408163265306122
P05_FNA_2_5_Y1	P05	317	1	0.00408163265306122
P05_FNA_2_5_Y1	P05	32	1	0.00408163265306122
P05_FNA_2_5_Y1	P05	321	1	0.00408163265306122
P05_FNA_2_5_Y1	P05	329	1	0.00408163265306122
P05_FNA_2_5_Y1	P05	33	1	0.00408163265306122
P05_FNA_2_5_Y1	P05	337	1	0.00408163265306122
P05_FNA_2_5_Y1	P05	346	1	0.00408163265306122
P05_FNA_2_5_Y1	P05	354	1	0.00408163265306122
P05_FNA_2_5_Y1	P05	362	1	0.00408163265306122
P05_FNA_2_5_Y1	P05	365	1	0.00408163265306122
P05_FNA_2_5_Y1	P05	37	1	0.00408163265306122
P05_FNA_2_5_Y1	P05	376	1	0.00408163265306122
P05_FNA_2_5_Y1	P05	378	1	0.00408163265306122
P05_FNA_2_5_Y1	P05	386	1	0.00408163265306122
P05_FNA_2_5_Y1	P05	396	1	0.00408163265306122
P05_FNA_2_5_Y1	P05	397	1	0.00408163265306122
P05_FNA_2_5_Y1	P05	401	1	0.00408163265306122
P05_FNA_2_5_Y1	P05	404	1	0.00408163265306122
P05_FNA_2_5_Y1	P05	410	1	0.00408163265306122
P05_FNA_2_5_Y1	P05	421	1	0.00408163265306122
P05_FNA_2_5_Y1	P05	436	1	0.00408163265306122
P05_FNA_2_5_Y1	P05	437	1	0.00408163265306122
P05_FNA_2_5_Y1	P05	446	1	0.00408163265306122
P05_FNA_2_5_Y1	P05	459	1	0.00408163265306122
P05_FNA_2_5_Y1	P05	46	1	0.00408163265306122
P05_FNA_2_5_Y1	P05	460	1	0.00408163265306122
P05_FNA_2_5_Y1	P05	462	1	0.00408163265306122
P05_FNA_2_5_Y1	P05	465	1	0.00408163265306122
P05_FNA_2_5_Y1	P05	475	1	0.00408163265306122
P05_FNA_2_5_Y1	P05	48	1	0.00408163265306122
P05_FNA_2_5_Y1	P05	486	1	0.00408163265306122
P05_FNA_2_5_Y1	P05	499	1	0.00408163265306122
P05_FNA_2_5_Y1	P05	50	1	0.00408163265306122
P05_FNA_2_5_Y1	P05	506	1	0.00408163265306122
P05_FNA_2_5_Y1	P05	509	1	0.00408163265306122
P05_FNA_2_5_Y1	P05	513	1	0.00408163265306122
P05_FNA_2_5_Y1	P05	516	1	0.00408163265306122
P05_FNA_2_5_Y1	P05	519	1	0.00408163265306122
P05_FNA_2_5_Y1	P05	520	1	0.00408163265306122
P05_FNA_2_5_Y1	P05	53	1	0.00408163265306122
P05_FNA_2_5_Y1	P05	533	1	0.00408163265306122
P05_FNA_2_5_Y1	P05	539	1	0.00408163265306122
P05_FNA_2_5_Y1	P05	543	1	0.00408163265306122
P05_FNA_2_5_Y1	P05	550	1	0.00408163265306122
P05_FNA_2_5_Y1	P05	564	1	0.00408163265306122
P05_FNA_2_5_Y1	P05	569	1	0.00408163265306122
P05_FNA_2_5_Y1	P05	571	1	0.00408163265306122
P05_FNA_2_5_Y1	P05	573	1	0.00408163265306122
P05_FNA_2_5_Y1	P05	576	1	0.00408163265306122
P05_FNA_2_5_Y1	P05	583	1	0.00408163265306122
P05_FNA_2_5_Y1	P05	586	1	0.00408163265306122
P05_FNA_2_5_Y1	P05	587	1	0.00408163265306122
P05_FNA_2_5_Y1	P05	592	1	0.00408163265306122
P05_FNA_2_5_Y1	P05	594	1	0.00408163265306122
P05_FNA_2_5_Y1	P05	601	1	0.00408163265306122
P05_FNA_2_5_Y1	P05	607	1	0.00408163265306122
P05_FNA_2_5_Y1	P05	613	1	0.00408163265306122
P05_FNA_2_5_Y1	P05	615	1	0.00408163265306122
P05_FNA_2_5_Y1	P05	617	1	0.00408163265306122
P05_FNA_2_5_Y1	P05	619	1	0.00408163265306122
P05_FNA_2_5_Y1	P05	620	1	0.00408163265306122
P05_FNA_2_5_Y1	P05	622	1	0.00408163265306122
P05_FNA_2_5_Y1	P05	623	1	0.00408163265306122
P05_FNA_2_5_Y1	P05	642	1	0.00408163265306122
P05_FNA_2_5_Y1	P05	644	1	0.00408163265306122
P05_FNA_2_5_Y1	P05	647	1	0.00408163265306122
P05_FNA_2_5_Y1	P05	656	1	0.00408163265306122
P05_FNA_2_5_Y1	P05	657	1	0.00408163265306122
P05_FNA_2_5_Y1	P05	658	1	0.00408163265306122
P05_FNA_2_5_Y1	P05	663	1	0.00408163265306122
P05_FNA_2_5_Y1	P05	666	1	0.00408163265306122
P05_FNA_2_5_Y1	P05	679	1	0.00408163265306122
P05_FNA_2_5_Y1	P05	685	1	0.00408163265306122
P05_FNA_2_5_Y1	P05	69	1	0.00408163265306122
P05_FNA_2_5_Y1	P05	690	1	0.00408163265306122
P05_FNA_2_5_Y1	P05	70	1	0.00408163265306122
P05_FNA_2_5_Y1	P05	702	1	0.00408163265306122
P05_FNA_2_5_Y1	P05	71	1	0.00408163265306122
P05_FNA_2_5_Y1	P05	711	1	0.00408163265306122
P05_FNA_2_5_Y1	P05	76	1	0.00408163265306122
P05_FNA_2_5_Y1	P05	77	1	0.00408163265306122
P05_FNA_2_5_Y1	P05	83	1	0.00408163265306122
P05_FNA_2_5_Y1	P05	85	1	0.00408163265306122
P05_FNA_2_5_Y1	P05	91	1	0.00408163265306122
P05_FNA_2_60_Y1	P05	101	1	0.0021505376344086
P05_FNA_2_60_Y1	P05	105	1	0.0021505376344086
P05_FNA_2_60_Y1	P05	106	1	0.0021505376344086
P05_FNA_2_60_Y1	P05	107	1	0.0021505376344086
P05_FNA_2_60_Y1	P05	108	1	0.0021505376344086
P05_FNA_2_60_Y1	P05	110	1	0.0021505376344086
P05_FNA_2_60_Y1	P05	113	1	0.0021505376344086
P05_FNA_2_60_Y1	P05	115	1	0.0021505376344086
P05_FNA_2_60_Y1	P05	117	1	0.0021505376344086
P05_FNA_2_60_Y1	P05	124	1	0.0021505376344086
P05_FNA_2_60_Y1	P05	125	1	0.0021505376344086
P05_FNA_2_60_Y1	P05	126	1	0.0021505376344086
P05_FNA_2_60_Y1	P05	132	1	0.0021505376344086
P05_FNA_2_60_Y1	P05	134	1	0.0021505376344086
P05_FNA_2_60_Y1	P05	135	1	0.0021505376344086
P05_FNA_2_60_Y1	P05	138	1	0.0021505376344086
P05_FNA_2_60_Y1	P05	140	1	0.0021505376344086
P05_FNA_2_60_Y1	P05	143	1	0.0021505376344086
P05_FNA_2_60_Y1	P05	144	1	0.0021505376344086
P05_FNA_2_60_Y1	P05	145	1	0.0021505376344086
P05_FNA_2_60_Y1	P05	147	1	0.0021505376344086
P05_FNA_2_60_Y1	P05	150	1	0.0021505376344086
P05_FNA_2_60_Y1	P05	156	1	0.0021505376344086
P05_FNA_2_60_Y1	P05	159	1	0.0021505376344086
P05_FNA_2_60_Y1	P05	163	1	0.0021505376344086
P05_FNA_2_60_Y1	P05	166	1	0.0021505376344086
P05_FNA_2_60_Y1	P05	175	1	0.0021505376344086
P05_FNA_2_60_Y1	P05	177	1	0.0021505376344086
P05_FNA_2_60_Y1	P05	18	1	0.0021505376344086
P05_FNA_2_60_Y1	P05	183	1	0.0021505376344086
P05_FNA_2_60_Y1	P05	19	1	0.0021505376344086
P05_FNA_2_60_Y1	P05	191	1	0.0021505376344086
P05_FNA_2_60_Y1	P05	2	1	0.0021505376344086
P05_FNA_2_60_Y1	P05	200	1	0.0021505376344086
P05_FNA_2_60_Y1	P05	201	1	0.0021505376344086
P05_FNA_2_60_Y1	P05	203	1	0.0021505376344086
P05_FNA_2_60_Y1	P05	208	1	0.0021505376344086
P05_FNA_2_60_Y1	P05	209	1	0.0021505376344086
P05_FNA_2_60_Y1	P05	210	1	0.0021505376344086
P05_FNA_2_60_Y1	P05	214	1	0.0021505376344086
P05_FNA_2_60_Y1	P05	217	1	0.0021505376344086
P05_FNA_2_60_Y1	P05	224	1	0.0021505376344086
P05_FNA_2_60_Y1	P05	227	1	0.0021505376344086
P05_FNA_2_60_Y1	P05	228	1	0.0021505376344086
P05_FNA_2_60_Y1	P05	230	1	0.0021505376344086
P05_FNA_2_60_Y1	P05	234	1	0.0021505376344086
P05_FNA_2_60_Y1	P05	241	1	0.0021505376344086
P05_FNA_2_60_Y1	P05	244	1	0.0021505376344086
P05_FNA_2_60_Y1	P05	250	1	0.0021505376344086
P05_FNA_2_60_Y1	P05	252	1	0.0021505376344086
P05_FNA_2_60_Y1	P05	253	1	0.0021505376344086
P05_FNA_2_60_Y1	P05	258	1	0.0021505376344086
P05_FNA_2_60_Y1	P05	263	1	0.0021505376344086
P05_FNA_2_60_Y1	P05	27	1	0.0021505376344086
P05_FNA_2_60_Y1	P05	273	1	0.0021505376344086
P05_FNA_2_60_Y1	P05	28	1	0.0021505376344086
P05_FNA_2_60_Y1	P05	287	1	0.0021505376344086
P05_FNA_2_60_Y1	P05	289	1	0.0021505376344086
P05_FNA_2_60_Y1	P05	298	1	0.0021505376344086
P05_FNA_2_60_Y1	P05	301	1	0.0021505376344086
P05_FNA_2_60_Y1	P05	302	1	0.0021505376344086
P05_FNA_2_60_Y1	P05	304	1	0.0021505376344086
P05_FNA_2_60_Y1	P05	307	1	0.0021505376344086
P05_FNA_2_60_Y1	P05	310	1	0.0021505376344086
P05_FNA_2_60_Y1	P05	328	1	0.0021505376344086
P05_FNA_2_60_Y1	P05	330	1	0.0021505376344086
P05_FNA_2_60_Y1	P05	331	1	0.0021505376344086
P05_FNA_2_60_Y1	P05	333	1	0.0021505376344086
P05_FNA_2_60_Y1	P05	335	1	0.0021505376344086
P05_FNA_2_60_Y1	P05	337	1	0.0021505376344086
P05_FNA_2_60_Y1	P05	339	1	0.0021505376344086
P05_FNA_2_60_Y1	P05	342	1	0.0021505376344086
P05_FNA_2_60_Y1	P05	345	1	0.0021505376344086
P05_FNA_2_60_Y1	P05	349	1	0.0021505376344086
P05_FNA_2_60_Y1	P05	358	1	0.0021505376344086
P05_FNA_2_60_Y1	P05	360	1	0.0021505376344086
P05_FNA_2_60_Y1	P05	364	1	0.0021505376344086
P05_FNA_2_60_Y1	P05	369	1	0.0021505376344086
P05_FNA_2_60_Y1	P05	371	1	0.0021505376344086
P05_FNA_2_60_Y1	P05	372	1	0.0021505376344086
P05_FNA_2_60_Y1	P05	374	1	0.0021505376344086
P05_FNA_2_60_Y1	P05	382	1	0.0021505376344086
P05_FNA_2_60_Y1	P05	384	1	0.0021505376344086
P05_FNA_2_60_Y1	P05	396	1	0.0021505376344086
P05_FNA_2_60_Y1	P05	397	1	0.0021505376344086
P05_FNA_2_60_Y1	P05	403	1	0.0021505376344086
P05_FNA_2_60_Y1	P05	405	1	0.0021505376344086
P05_FNA_2_60_Y1	P05	415	1	0.0021505376344086
P05_FNA_2_60_Y1	P05	42	1	0.0021505376344086
P05_FNA_2_60_Y1	P05	426	1	0.0021505376344086
P05_FNA_2_60_Y1	P05	430	1	0.0021505376344086
P05_FNA_2_60_Y1	P05	431	1	0.0021505376344086
P05_FNA_2_60_Y1	P05	432	1	0.0021505376344086
P05_FNA_2_60_Y1	P05	438	1	0.0021505376344086
P05_FNA_2_60_Y1	P05	440	1	0.0021505376344086
P05_FNA_2_60_Y1	P05	441	1	0.0021505376344086
P05_FNA_2_60_Y1	P05	446	1	0.0021505376344086
P05_FNA_2_60_Y1	P05	448	1	0.0021505376344086
P05_FNA_2_60_Y1	P05	450	1	0.0021505376344086
P05_FNA_2_60_Y1	P05	454	1	0.0021505376344086
P05_FNA_2_60_Y1	P05	46	1	0.0021505376344086
P05_FNA_2_60_Y1	P05	463	1	0.0021505376344086
P05_FNA_2_60_Y1	P05	464	1	0.0021505376344086
P05_FNA_2_60_Y1	P05	465	1	0.0021505376344086
P05_FNA_2_60_Y1	P05	467	1	0.0021505376344086
P05_FNA_2_60_Y1	P05	469	1	0.0021505376344086
P05_FNA_2_60_Y1	P05	47	1	0.0021505376344086
P05_FNA_2_60_Y1	P05	474	1	0.0021505376344086
P05_FNA_2_60_Y1	P05	481	1	0.0021505376344086
P05_FNA_2_60_Y1	P05	482	1	0.0021505376344086
P05_FNA_2_60_Y1	P05	490	1	0.0021505376344086
P05_FNA_2_60_Y1	P05	493	1	0.0021505376344086
P05_FNA_2_60_Y1	P05	494	1	0.0021505376344086
P05_FNA_2_60_Y1	P05	498	1	0.0021505376344086
P05_FNA_2_60_Y1	P05	500	1	0.0021505376344086
P05_FNA_2_60_Y1	P05	507	1	0.0021505376344086
P05_FNA_2_60_Y1	P05	51	1	0.0021505376344086
P05_FNA_2_60_Y1	P05	510	1	0.0021505376344086
P05_FNA_2_60_Y1	P05	514	1	0.0021505376344086
P05_FNA_2_60_Y1	P05	530	1	0.0021505376344086
P05_FNA_2_60_Y1	P05	537	1	0.0021505376344086
P05_FNA_2_60_Y1	P05	539	1	0.0021505376344086
P05_FNA_2_60_Y1	P05	544	1	0.0021505376344086
P05_FNA_2_60_Y1	P05	546	1	0.0021505376344086
P05_FNA_2_60_Y1	P05	549	1	0.0021505376344086
P05_FNA_2_60_Y1	P05	55	1	0.0021505376344086
P05_FNA_2_60_Y1	P05	554	1	0.0021505376344086
P05_FNA_2_60_Y1	P05	56	1	0.0021505376344086
P05_FNA_2_60_Y1	P05	561	1	0.0021505376344086
P05_FNA_2_60_Y1	P05	562	1	0.0021505376344086
P05_FNA_2_60_Y1	P05	568	1	0.0021505376344086
P05_FNA_2_60_Y1	P05	569	1	0.0021505376344086
P05_FNA_2_60_Y1	P05	57	1	0.0021505376344086
P05_FNA_2_60_Y1	P05	573	1	0.0021505376344086
P05_FNA_2_60_Y1	P05	575	1	0.0021505376344086
P05_FNA_2_60_Y1	P05	577	1	0.0021505376344086
P05_FNA_2_60_Y1	P05	584	1	0.0021505376344086
P05_FNA_2_60_Y1	P05	589	1	0.0021505376344086
P05_FNA_2_60_Y1	P05	597	1	0.0021505376344086
P05_FNA_2_60_Y1	P05	61	1	0.0021505376344086
P05_FNA_2_60_Y1	P05	611	1	0.0021505376344086
P05_FNA_2_60_Y1	P05	616	1	0.0021505376344086
P05_FNA_2_60_Y1	P05	617	1	0.0021505376344086
P05_FNA_2_60_Y1	P05	622	1	0.0021505376344086
P05_FNA_2_60_Y1	P05	624	1	0.0021505376344086
P05_FNA_2_60_Y1	P05	625	1	0.0021505376344086
P05_FNA_2_60_Y1	P05	639	1	0.0021505376344086
P05_FNA_2_60_Y1	P05	642	1	0.0021505376344086
P05_FNA_2_60_Y1	P05	647	1	0.0021505376344086
P05_FNA_2_60_Y1	P05	648	1	0.0021505376344086
P05_FNA_2_60_Y1	P05	65	1	0.0021505376344086
P05_FNA_2_60_Y1	P05	651	1	0.0021505376344086
P05_FNA_2_60_Y1	P05	657	1	0.0021505376344086
P05_FNA_2_60_Y1	P05	661	1	0.0021505376344086
P05_FNA_2_60_Y1	P05	664	1	0.0021505376344086
P05_FNA_2_60_Y1	P05	665	1	0.0021505376344086
P05_FNA_2_60_Y1	P05	667	1	0.0021505376344086
P05_FNA_2_60_Y1	P05	672	1	0.0021505376344086
P05_FNA_2_60_Y1	P05	673	1	0.0021505376344086
P05_FNA_2_60_Y1	P05	674	1	0.0021505376344086
P05_FNA_2_60_Y1	P05	677	1	0.0021505376344086
P05_FNA_2_60_Y1	P05	678	1	0.0021505376344086
P05_FNA_2_60_Y1	P05	686	1	0.0021505376344086
P05_FNA_2_60_Y1	P05	690	1	0.0021505376344086
P05_FNA_2_60_Y1	P05	695	1	0.0021505376344086
P05_FNA_2_60_Y1	P05	697	1	0.0021505376344086
P05_FNA_2_60_Y1	P05	698	1	0.0021505376344086
P05_FNA_2_60_Y1	P05	703	1	0.0021505376344086
P05_FNA_2_60_Y1	P05	705	1	0.0021505376344086
P05_FNA_2_60_Y1	P05	714	1	0.0021505376344086
P05_FNA_2_60_Y1	P05	75	1	0.0021505376344086
P05_FNA_2_60_Y1	P05	93	1	0.0021505376344086
P05_FNA_2_60_Y1	P05	96	1	0.0021505376344086
P05_FNA_2_60_Y1	P05	98	1	0.0021505376344086
P05_FNA_3_12_Y1	P05	106	1	0.00409836065573771
P05_FNA_3_12_Y1	P05	107	1	0.00409836065573771
P05_FNA_3_12_Y1	P05	113	1	0.00409836065573771
P05_FNA_3_12_Y1	P05	114	1	0.00409836065573771
P05_FNA_3_12_Y1	P05	118	1	0.00409836065573771
P05_FNA_3_12_Y1	P05	122	1	0.00409836065573771
P05_FNA_3_12_Y1	P05	134	1	0.00409836065573771
P05_FNA_3_12_Y1	P05	136	1	0.00409836065573771
P05_FNA_3_12_Y1	P05	137	1	0.00409836065573771
P05_FNA_3_12_Y1	P05	146	1	0.00409836065573771
P05_FNA_3_12_Y1	P05	147	1	0.00409836065573771
P05_FNA_3_12_Y1	P05	150	1	0.00409836065573771
P05_FNA_3_12_Y1	P05	154	1	0.00409836065573771
P05_FNA_3_12_Y1	P05	155	1	0.00409836065573771
P05_FNA_3_12_Y1	P05	156	1	0.00409836065573771
P05_FNA_3_12_Y1	P05	16	1	0.00409836065573771
P05_FNA_3_12_Y1	P05	160	1	0.00409836065573771
P05_FNA_3_12_Y1	P05	161	1	0.00409836065573771
P05_FNA_3_12_Y1	P05	163	1	0.00409836065573771
P05_FNA_3_12_Y1	P05	175	1	0.00409836065573771
P05_FNA_3_12_Y1	P05	181	1	0.00409836065573771
P05_FNA_3_12_Y1	P05	187	1	0.00409836065573771
P05_FNA_3_12_Y1	P05	2	1	0.00409836065573771
P05_FNA_3_12_Y1	P05	218	1	0.00409836065573771
P05_FNA_3_12_Y1	P05	226	1	0.00409836065573771
P05_FNA_3_12_Y1	P05	236	1	0.00409836065573771
P05_FNA_3_12_Y1	P05	24	1	0.00409836065573771
P05_FNA_3_12_Y1	P05	25	1	0.00409836065573771
P05_FNA_3_12_Y1	P05	251	1	0.00409836065573771
P05_FNA_3_12_Y1	P05	266	1	0.00409836065573771
P05_FNA_3_12_Y1	P05	27	1	0.00409836065573771
P05_FNA_3_12_Y1	P05	270	1	0.00409836065573771
P05_FNA_3_12_Y1	P05	273	1	0.00409836065573771
P05_FNA_3_12_Y1	P05	274	1	0.00409836065573771
P05_FNA_3_12_Y1	P05	275	1	0.00409836065573771
P05_FNA_3_12_Y1	P05	28	1	0.00409836065573771
P05_FNA_3_12_Y1	P05	289	1	0.00409836065573771
P05_FNA_3_12_Y1	P05	292	1	0.00409836065573771
P05_FNA_3_12_Y1	P05	314	1	0.00409836065573771
P05_FNA_3_12_Y1	P05	317	1	0.00409836065573771
P05_FNA_3_12_Y1	P05	327	1	0.00409836065573771
P05_FNA_3_12_Y1	P05	328	1	0.00409836065573771
P05_FNA_3_12_Y1	P05	329	1	0.00409836065573771
P05_FNA_3_12_Y1	P05	346	1	0.00409836065573771
P05_FNA_3_12_Y1	P05	352	1	0.00409836065573771
P05_FNA_3_12_Y1	P05	357	1	0.00409836065573771
P05_FNA_3_12_Y1	P05	358	1	0.00409836065573771
P05_FNA_3_12_Y1	P05	363	1	0.00409836065573771
P05_FNA_3_12_Y1	P05	365	1	0.00409836065573771
P05_FNA_3_12_Y1	P05	374	1	0.00409836065573771
P05_FNA_3_12_Y1	P05	39	1	0.00409836065573771
P05_FNA_3_12_Y1	P05	396	1	0.00409836065573771
P05_FNA_3_12_Y1	P05	398	1	0.00409836065573771
P05_FNA_3_12_Y1	P05	405	1	0.00409836065573771
P05_FNA_3_12_Y1	P05	408	1	0.00409836065573771
P05_FNA_3_12_Y1	P05	41	1	0.00409836065573771
P05_FNA_3_12_Y1	P05	413	1	0.00409836065573771
P05_FNA_3_12_Y1	P05	414	1	0.00409836065573771
P05_FNA_3_12_Y1	P05	423	1	0.00409836065573771
P05_FNA_3_12_Y1	P05	424	1	0.00409836065573771
P05_FNA_3_12_Y1	P05	425	1	0.00409836065573771
P05_FNA_3_12_Y1	P05	43	1	0.00409836065573771
P05_FNA_3_12_Y1	P05	436	1	0.00409836065573771
P05_FNA_3_12_Y1	P05	442	1	0.00409836065573771
P05_FNA_3_12_Y1	P05	445	1	0.00409836065573771
P05_FNA_3_12_Y1	P05	446	1	0.00409836065573771
P05_FNA_3_12_Y1	P05	456	1	0.00409836065573771
P05_FNA_3_12_Y1	P05	457	1	0.00409836065573771
P05_FNA_3_12_Y1	P05	460	1	0.00409836065573771
P05_FNA_3_12_Y1	P05	465	1	0.00409836065573771
P05_FNA_3_12_Y1	P05	466	1	0.00409836065573771
P05_FNA_3_12_Y1	P05	467	1	0.00409836065573771
P05_FNA_3_12_Y1	P05	469	1	0.00409836065573771
P05_FNA_3_12_Y1	P05	473	1	0.00409836065573771
P05_FNA_3_12_Y1	P05	475	1	0.00409836065573771
P05_FNA_3_12_Y1	P05	476	1	0.00409836065573771
P05_FNA_3_12_Y1	P05	481	1	0.00409836065573771
P05_FNA_3_12_Y1	P05	491	1	0.00409836065573771
P05_FNA_3_12_Y1	P05	497	1	0.00409836065573771
P05_FNA_3_12_Y1	P05	499	1	0.00409836065573771
P05_FNA_3_12_Y1	P05	50	1	0.00409836065573771
P05_FNA_3_12_Y1	P05	501	1	0.00409836065573771
P05_FNA_3_12_Y1	P05	502	1	0.00409836065573771
P05_FNA_3_12_Y1	P05	51	1	0.00409836065573771
P05_FNA_3_12_Y1	P05	516	1	0.00409836065573771
P05_FNA_3_12_Y1	P05	52	1	0.00409836065573771
P05_FNA_3_12_Y1	P05	527	1	0.00409836065573771
P05_FNA_3_12_Y1	P05	534	1	0.00409836065573771
P05_FNA_3_12_Y1	P05	543	1	0.00409836065573771
P05_FNA_3_12_Y1	P05	545	1	0.00409836065573771
P05_FNA_3_12_Y1	P05	554	1	0.00409836065573771
P05_FNA_3_12_Y1	P05	560	1	0.00409836065573771
P05_FNA_3_12_Y1	P05	562	1	0.00409836065573771
P05_FNA_3_12_Y1	P05	563	1	0.00409836065573771
P05_FNA_3_12_Y1	P05	567	1	0.00409836065573771
P05_FNA_3_12_Y1	P05	571	1	0.00409836065573771
P05_FNA_3_12_Y1	P05	573	1	0.00409836065573771
P05_FNA_3_12_Y1	P05	574	1	0.00409836065573771
P05_FNA_3_12_Y1	P05	576	1	0.00409836065573771
P05_FNA_3_12_Y1	P05	577	1	0.00409836065573771
P05_FNA_3_12_Y1	P05	58	1	0.00409836065573771
P05_FNA_3_12_Y1	P05	588	1	0.00409836065573771
P05_FNA_3_12_Y1	P05	592	1	0.00409836065573771
P05_FNA_3_12_Y1	P05	600	1	0.00409836065573771
P05_FNA_3_12_Y1	P05	602	1	0.00409836065573771
P05_FNA_3_12_Y1	P05	611	1	0.00409836065573771
P05_FNA_3_12_Y1	P05	62	1	0.00409836065573771
P05_FNA_3_12_Y1	P05	630	1	0.00409836065573771
P05_FNA_3_12_Y1	P05	631	1	0.00409836065573771
P05_FNA_3_12_Y1	P05	643	1	0.00409836065573771
P05_FNA_3_12_Y1	P05	655	1	0.00409836065573771
P05_FNA_3_12_Y1	P05	656	1	0.00409836065573771
P05_FNA_3_12_Y1	P05	673	1	0.00409836065573771
P05_FNA_3_12_Y1	P05	676	1	0.00409836065573771
P05_FNA_3_12_Y1	P05	68	1	0.00409836065573771
P05_FNA_3_12_Y1	P05	690	1	0.00409836065573771
P05_FNA_3_12_Y1	P05	70	1	0.00409836065573771
P05_FNA_3_12_Y1	P05	702	1	0.00409836065573771
P05_FNA_3_12_Y1	P05	72	1	0.00409836065573771
P05_FNA_3_12_Y1	P05	74	1	0.00409836065573771
P05_FNA_3_12_Y1	P05	90	1	0.00409836065573771
P05_FNA_3_28_Y1	P05	1	1	0.00529100529100529
P05_FNA_3_28_Y1	P05	100	1	0.00529100529100529
P05_FNA_3_28_Y1	P05	101	1	0.00529100529100529
P05_FNA_3_28_Y1	P05	109	1	0.00529100529100529
P05_FNA_3_28_Y1	P05	110	1	0.00529100529100529
P05_FNA_3_28_Y1	P05	12	1	0.00529100529100529
P05_FNA_3_28_Y1	P05	126	1	0.00529100529100529
P05_FNA_3_28_Y1	P05	13	1	0.00529100529100529
P05_FNA_3_28_Y1	P05	136	1	0.00529100529100529
P05_FNA_3_28_Y1	P05	141	1	0.00529100529100529
P05_FNA_3_28_Y1	P05	144	1	0.00529100529100529
P05_FNA_3_28_Y1	P05	147	1	0.00529100529100529
P05_FNA_3_28_Y1	P05	15	1	0.00529100529100529
P05_FNA_3_28_Y1	P05	155	1	0.00529100529100529
P05_FNA_3_28_Y1	P05	176	1	0.00529100529100529
P05_FNA_3_28_Y1	P05	177	1	0.00529100529100529
P05_FNA_3_28_Y1	P05	178	1	0.00529100529100529
P05_FNA_3_28_Y1	P05	188	1	0.00529100529100529
P05_FNA_3_28_Y1	P05	191	1	0.00529100529100529
P05_FNA_3_28_Y1	P05	200	1	0.00529100529100529
P05_FNA_3_28_Y1	P05	203	1	0.00529100529100529
P05_FNA_3_28_Y1	P05	207	1	0.00529100529100529
P05_FNA_3_28_Y1	P05	21	1	0.00529100529100529
P05_FNA_3_28_Y1	P05	213	1	0.00529100529100529
P05_FNA_3_28_Y1	P05	220	1	0.00529100529100529
P05_FNA_3_28_Y1	P05	229	1	0.00529100529100529
P05_FNA_3_28_Y1	P05	231	1	0.00529100529100529
P05_FNA_3_28_Y1	P05	232	1	0.00529100529100529
P05_FNA_3_28_Y1	P05	233	1	0.00529100529100529
P05_FNA_3_28_Y1	P05	245	1	0.00529100529100529
P05_FNA_3_28_Y1	P05	248	1	0.00529100529100529
P05_FNA_3_28_Y1	P05	260	1	0.00529100529100529
P05_FNA_3_28_Y1	P05	266	1	0.00529100529100529
P05_FNA_3_28_Y1	P05	274	1	0.00529100529100529
P05_FNA_3_28_Y1	P05	276	1	0.00529100529100529
P05_FNA_3_28_Y1	P05	281	1	0.00529100529100529
P05_FNA_3_28_Y1	P05	282	1	0.00529100529100529
P05_FNA_3_28_Y1	P05	283	1	0.00529100529100529
P05_FNA_3_28_Y1	P05	289	1	0.00529100529100529
P05_FNA_3_28_Y1	P05	29	1	0.00529100529100529
P05_FNA_3_28_Y1	P05	309	1	0.00529100529100529
P05_FNA_3_28_Y1	P05	331	1	0.00529100529100529
P05_FNA_3_28_Y1	P05	334	1	0.00529100529100529
P05_FNA_3_28_Y1	P05	344	1	0.00529100529100529
P05_FNA_3_28_Y1	P05	350	1	0.00529100529100529
P05_FNA_3_28_Y1	P05	369	1	0.00529100529100529
P05_FNA_3_28_Y1	P05	372	1	0.00529100529100529
P05_FNA_3_28_Y1	P05	374	1	0.00529100529100529
P05_FNA_3_28_Y1	P05	376	1	0.00529100529100529
P05_FNA_3_28_Y1	P05	380	1	0.00529100529100529
P05_FNA_3_28_Y1	P05	382	1	0.00529100529100529
P05_FNA_3_28_Y1	P05	39	1	0.00529100529100529
P05_FNA_3_28_Y1	P05	394	1	0.00529100529100529
P05_FNA_3_28_Y1	P05	400	1	0.00529100529100529
P05_FNA_3_28_Y1	P05	412	1	0.00529100529100529
P05_FNA_3_28_Y1	P05	42	1	0.00529100529100529
P05_FNA_3_28_Y1	P05	426	1	0.00529100529100529
P05_FNA_3_28_Y1	P05	430	1	0.00529100529100529
P05_FNA_3_28_Y1	P05	435	1	0.00529100529100529
P05_FNA_3_28_Y1	P05	436	1	0.00529100529100529
P05_FNA_3_28_Y1	P05	438	1	0.00529100529100529
P05_FNA_3_28_Y1	P05	459	1	0.00529100529100529
P05_FNA_3_28_Y1	P05	469	1	0.00529100529100529
P05_FNA_3_28_Y1	P05	470	1	0.00529100529100529
P05_FNA_3_28_Y1	P05	474	1	0.00529100529100529
P05_FNA_3_28_Y1	P05	476	1	0.00529100529100529
P05_FNA_3_28_Y1	P05	498	1	0.00529100529100529
P05_FNA_3_28_Y1	P05	499	1	0.00529100529100529
P05_FNA_3_28_Y1	P05	500	1	0.00529100529100529
P05_FNA_3_28_Y1	P05	506	1	0.00529100529100529
P05_FNA_3_28_Y1	P05	512	1	0.00529100529100529
P05_FNA_3_28_Y1	P05	524	1	0.00529100529100529
P05_FNA_3_28_Y1	P05	530	1	0.00529100529100529
P05_FNA_3_28_Y1	P05	533	1	0.00529100529100529
P05_FNA_3_28_Y1	P05	534	1	0.00529100529100529
P05_FNA_3_28_Y1	P05	536	1	0.00529100529100529
P05_FNA_3_28_Y1	P05	537	1	0.00529100529100529
P05_FNA_3_28_Y1	P05	548	1	0.00529100529100529
P05_FNA_3_28_Y1	P05	553	1	0.00529100529100529
P05_FNA_3_28_Y1	P05	56	1	0.00529100529100529
P05_FNA_3_28_Y1	P05	560	1	0.00529100529100529
P05_FNA_3_28_Y1	P05	561	1	0.00529100529100529
P05_FNA_3_28_Y1	P05	564	1	0.00529100529100529
P05_FNA_3_28_Y1	P05	572	1	0.00529100529100529
P05_FNA_3_28_Y1	P05	573	1	0.00529100529100529
P05_FNA_3_28_Y1	P05	576	1	0.00529100529100529
P05_FNA_3_28_Y1	P05	577	1	0.00529100529100529
P05_FNA_3_28_Y1	P05	585	1	0.00529100529100529
P05_FNA_3_28_Y1	P05	591	1	0.00529100529100529
P05_FNA_3_28_Y1	P05	599	1	0.00529100529100529
P05_FNA_3_28_Y1	P05	609	1	0.00529100529100529
P05_FNA_3_28_Y1	P05	61	1	0.00529100529100529
P05_FNA_3_28_Y1	P05	614	1	0.00529100529100529
P05_FNA_3_28_Y1	P05	623	1	0.00529100529100529
P05_FNA_3_28_Y1	P05	63	1	0.00529100529100529
P05_FNA_3_28_Y1	P05	656	1	0.00529100529100529
P05_FNA_3_28_Y1	P05	663	1	0.00529100529100529
P05_FNA_3_28_Y1	P05	666	1	0.00529100529100529
P05_FNA_3_28_Y1	P05	667	1	0.00529100529100529
P05_FNA_3_28_Y1	P05	669	1	0.00529100529100529
P05_FNA_3_28_Y1	P05	676	1	0.00529100529100529
P05_FNA_3_28_Y1	P05	678	1	0.00529100529100529
P05_FNA_3_28_Y1	P05	683	1	0.00529100529100529
P05_FNA_3_28_Y1	P05	687	1	0.00529100529100529
P05_FNA_3_28_Y1	P05	694	1	0.00529100529100529
P05_FNA_3_28_Y1	P05	699	1	0.00529100529100529
P05_FNA_3_28_Y1	P05	705	1	0.00529100529100529
P05_FNA_3_28_Y1	P05	713	1	0.00529100529100529
P05_FNA_3_28_Y1	P05	715	1	0.00529100529100529
P05_FNA_3_28_Y1	P05	72	1	0.00529100529100529
P05_FNA_3_28_Y1	P05	79	1	0.00529100529100529
P05_FNA_3_28_Y1	P05	80	1	0.00529100529100529
P05_FNA_3_28_Y1	P05	84	1	0.00529100529100529
P05_FNA_3_28_Y1	P05	9	1	0.00529100529100529
P05_FNA_3_28_Y1	P05	93	1	0.00529100529100529
P05_FNA_5_Y1	P05	101	1	0.00353356890459364
P05_FNA_5_Y1	P05	121	1	0.00353356890459364
P05_FNA_5_Y1	P05	132	1	0.00353356890459364
P05_FNA_5_Y1	P05	133	1	0.00353356890459364
P05_FNA_5_Y1	P05	136	1	0.00353356890459364
P05_FNA_5_Y1	P05	142	1	0.00353356890459364
P05_FNA_5_Y1	P05	144	1	0.00353356890459364
P05_FNA_5_Y1	P05	145	1	0.00353356890459364
P05_FNA_5_Y1	P05	152	1	0.00353356890459364
P05_FNA_5_Y1	P05	155	1	0.00353356890459364
P05_FNA_5_Y1	P05	170	1	0.00353356890459364
P05_FNA_5_Y1	P05	171	1	0.00353356890459364
P05_FNA_5_Y1	P05	172	1	0.00353356890459364
P05_FNA_5_Y1	P05	174	1	0.00353356890459364
P05_FNA_5_Y1	P05	177	1	0.00353356890459364
P05_FNA_5_Y1	P05	199	1	0.00353356890459364
P05_FNA_5_Y1	P05	2	1	0.00353356890459364
P05_FNA_5_Y1	P05	206	1	0.00353356890459364
P05_FNA_5_Y1	P05	209	1	0.00353356890459364
P05_FNA_5_Y1	P05	212	1	0.00353356890459364
P05_FNA_5_Y1	P05	215	1	0.00353356890459364
P05_FNA_5_Y1	P05	22	1	0.00353356890459364
P05_FNA_5_Y1	P05	222	1	0.00353356890459364
P05_FNA_5_Y1	P05	223	1	0.00353356890459364
P05_FNA_5_Y1	P05	227	1	0.00353356890459364
P05_FNA_5_Y1	P05	228	1	0.00353356890459364
P05_FNA_5_Y1	P05	23	1	0.00353356890459364
P05_FNA_5_Y1	P05	242	1	0.00353356890459364
P05_FNA_5_Y1	P05	251	1	0.00353356890459364
P05_FNA_5_Y1	P05	252	1	0.00353356890459364
P05_FNA_5_Y1	P05	261	1	0.00353356890459364
P05_FNA_5_Y1	P05	27	1	0.00353356890459364
P05_FNA_5_Y1	P05	271	1	0.00353356890459364
P05_FNA_5_Y1	P05	28	1	0.00353356890459364
P05_FNA_5_Y1	P05	286	1	0.00353356890459364
P05_FNA_5_Y1	P05	305	1	0.00353356890459364
P05_FNA_5_Y1	P05	306	1	0.00353356890459364
P05_FNA_5_Y1	P05	308	1	0.00353356890459364
P05_FNA_5_Y1	P05	316	1	0.00353356890459364
P05_FNA_5_Y1	P05	324	1	0.00353356890459364
P05_FNA_5_Y1	P05	326	1	0.00353356890459364
P05_FNA_5_Y1	P05	337	1	0.00353356890459364
P05_FNA_5_Y1	P05	341	1	0.00353356890459364
P05_FNA_5_Y1	P05	347	1	0.00353356890459364
P05_FNA_5_Y1	P05	352	1	0.00353356890459364
P05_FNA_5_Y1	P05	355	1	0.00353356890459364
P05_FNA_5_Y1	P05	360	1	0.00353356890459364
P05_FNA_5_Y1	P05	364	1	0.00353356890459364
P05_FNA_5_Y1	P05	370	1	0.00353356890459364
P05_FNA_5_Y1	P05	374	1	0.00353356890459364
P05_FNA_5_Y1	P05	376	1	0.00353356890459364
P05_FNA_5_Y1	P05	378	1	0.00353356890459364
P05_FNA_5_Y1	P05	386	1	0.00353356890459364
P05_FNA_5_Y1	P05	393	1	0.00353356890459364
P05_FNA_5_Y1	P05	400	1	0.00353356890459364
P05_FNA_5_Y1	P05	401	1	0.00353356890459364
P05_FNA_5_Y1	P05	402	1	0.00353356890459364
P05_FNA_5_Y1	P05	407	1	0.00353356890459364
P05_FNA_5_Y1	P05	409	1	0.00353356890459364
P05_FNA_5_Y1	P05	420	1	0.00353356890459364
P05_FNA_5_Y1	P05	431	1	0.00353356890459364
P05_FNA_5_Y1	P05	436	1	0.00353356890459364
P05_FNA_5_Y1	P05	44	1	0.00353356890459364
P05_FNA_5_Y1	P05	447	1	0.00353356890459364
P05_FNA_5_Y1	P05	45	1	0.00353356890459364
P05_FNA_5_Y1	P05	453	1	0.00353356890459364
P05_FNA_5_Y1	P05	455	1	0.00353356890459364
P05_FNA_5_Y1	P05	457	1	0.00353356890459364
P05_FNA_5_Y1	P05	460	1	0.00353356890459364
P05_FNA_5_Y1	P05	464	1	0.00353356890459364
P05_FNA_5_Y1	P05	465	1	0.00353356890459364
P05_FNA_5_Y1	P05	466	1	0.00353356890459364
P05_FNA_5_Y1	P05	468	1	0.00353356890459364
P05_FNA_5_Y1	P05	469	1	0.00353356890459364
P05_FNA_5_Y1	P05	475	1	0.00353356890459364
P05_FNA_5_Y1	P05	48	1	0.00353356890459364
P05_FNA_5_Y1	P05	486	1	0.00353356890459364
P05_FNA_5_Y1	P05	494	1	0.00353356890459364
P05_FNA_5_Y1	P05	498	1	0.00353356890459364
P05_FNA_5_Y1	P05	5	1	0.00353356890459364
P05_FNA_5_Y1	P05	51	1	0.00353356890459364
P05_FNA_5_Y1	P05	511	1	0.00353356890459364
P05_FNA_5_Y1	P05	52	1	0.00353356890459364
P05_FNA_5_Y1	P05	520	1	0.00353356890459364
P05_FNA_5_Y1	P05	528	1	0.00353356890459364
P05_FNA_5_Y1	P05	53	1	0.00353356890459364
P05_FNA_5_Y1	P05	535	1	0.00353356890459364
P05_FNA_5_Y1	P05	536	1	0.00353356890459364
P05_FNA_5_Y1	P05	537	1	0.00353356890459364
P05_FNA_5_Y1	P05	540	1	0.00353356890459364
P05_FNA_5_Y1	P05	541	1	0.00353356890459364
P05_FNA_5_Y1	P05	543	1	0.00353356890459364
P05_FNA_5_Y1	P05	544	1	0.00353356890459364
P05_FNA_5_Y1	P05	548	1	0.00353356890459364
P05_FNA_5_Y1	P05	55	1	0.00353356890459364
P05_FNA_5_Y1	P05	553	1	0.00353356890459364
P05_FNA_5_Y1	P05	56	1	0.00353356890459364
P05_FNA_5_Y1	P05	561	1	0.00353356890459364
P05_FNA_5_Y1	P05	569	1	0.00353356890459364
P05_FNA_5_Y1	P05	57	1	0.00353356890459364
P05_FNA_5_Y1	P05	571	1	0.00353356890459364
P05_FNA_5_Y1	P05	574	1	0.00353356890459364
P05_FNA_5_Y1	P05	575	1	0.00353356890459364
P05_FNA_5_Y1	P05	586	1	0.00353356890459364
P05_FNA_5_Y1	P05	587	1	0.00353356890459364
P05_FNA_5_Y1	P05	588	1	0.00353356890459364
P05_FNA_5_Y1	P05	59	1	0.00353356890459364
P05_FNA_5_Y1	P05	591	1	0.00353356890459364
P05_FNA_5_Y1	P05	60	1	0.00353356890459364
P05_FNA_5_Y1	P05	601	1	0.00353356890459364
P05_FNA_5_Y1	P05	603	1	0.00353356890459364
P05_FNA_5_Y1	P05	606	1	0.00353356890459364
P05_FNA_5_Y1	P05	607	1	0.00353356890459364
P05_FNA_5_Y1	P05	611	1	0.00353356890459364
P05_FNA_5_Y1	P05	614	1	0.00353356890459364
P05_FNA_5_Y1	P05	615	1	0.00353356890459364
P05_FNA_5_Y1	P05	62	1	0.00353356890459364
P05_FNA_5_Y1	P05	621	1	0.00353356890459364
P05_FNA_5_Y1	P05	622	1	0.00353356890459364
P05_FNA_5_Y1	P05	626	1	0.00353356890459364
P05_FNA_5_Y1	P05	629	1	0.00353356890459364
P05_FNA_5_Y1	P05	631	1	0.00353356890459364
P05_FNA_5_Y1	P05	634	1	0.00353356890459364
P05_FNA_5_Y1	P05	636	1	0.00353356890459364
P05_FNA_5_Y1	P05	642	1	0.00353356890459364
P05_FNA_5_Y1	P05	647	1	0.00353356890459364
P05_FNA_5_Y1	P05	651	1	0.00353356890459364
P05_FNA_5_Y1	P05	652	1	0.00353356890459364
P05_FNA_5_Y1	P05	658	1	0.00353356890459364
P05_FNA_5_Y1	P05	661	1	0.00353356890459364
P05_FNA_5_Y1	P05	662	1	0.00353356890459364
P05_FNA_5_Y1	P05	669	1	0.00353356890459364
P05_FNA_5_Y1	P05	673	1	0.00353356890459364
P05_FNA_5_Y1	P05	677	1	0.00353356890459364
P05_FNA_5_Y1	P05	680	1	0.00353356890459364
P05_FNA_5_Y1	P05	690	1	0.00353356890459364
P05_FNA_5_Y1	P05	693	1	0.00353356890459364
P05_FNA_5_Y1	P05	701	1	0.00353356890459364
P05_FNA_5_Y1	P05	709	1	0.00353356890459364
P05_FNA_5_Y1	P05	712	1	0.00353356890459364
P05_FNA_5_Y1	P05	76	1	0.00353356890459364
P05_FNA_5_Y1	P05	78	1	0.00353356890459364
P05_FNA_5_Y1	P05	91	1	0.00353356890459364
P05_FNA_5_Y1	P05	98	1	0.00353356890459364
P05_FNA_60_Y1	P05	100	1	0.0022075055187638
P05_FNA_60_Y1	P05	102	1	0.0022075055187638
P05_FNA_60_Y1	P05	103	1	0.0022075055187638
P05_FNA_60_Y1	P05	106	1	0.0022075055187638
P05_FNA_60_Y1	P05	11	1	0.0022075055187638
P05_FNA_60_Y1	P05	113	1	0.0022075055187638
P05_FNA_60_Y1	P05	114	1	0.0022075055187638
P05_FNA_60_Y1	P05	116	1	0.0022075055187638
P05_FNA_60_Y1	P05	119	1	0.0022075055187638
P05_FNA_60_Y1	P05	12	1	0.0022075055187638
P05_FNA_60_Y1	P05	122	1	0.0022075055187638
P05_FNA_60_Y1	P05	147	1	0.0022075055187638
P05_FNA_60_Y1	P05	148	1	0.0022075055187638
P05_FNA_60_Y1	P05	155	1	0.0022075055187638
P05_FNA_60_Y1	P05	162	1	0.0022075055187638
P05_FNA_60_Y1	P05	166	1	0.0022075055187638
P05_FNA_60_Y1	P05	176	1	0.0022075055187638
P05_FNA_60_Y1	P05	177	1	0.0022075055187638
P05_FNA_60_Y1	P05	178	1	0.0022075055187638
P05_FNA_60_Y1	P05	186	1	0.0022075055187638
P05_FNA_60_Y1	P05	189	1	0.0022075055187638
P05_FNA_60_Y1	P05	19	1	0.0022075055187638
P05_FNA_60_Y1	P05	194	1	0.0022075055187638
P05_FNA_60_Y1	P05	195	1	0.0022075055187638
P05_FNA_60_Y1	P05	2	1	0.0022075055187638
P05_FNA_60_Y1	P05	201	1	0.0022075055187638
P05_FNA_60_Y1	P05	206	1	0.0022075055187638
P05_FNA_60_Y1	P05	216	1	0.0022075055187638
P05_FNA_60_Y1	P05	219	1	0.0022075055187638
P05_FNA_60_Y1	P05	22	1	0.0022075055187638
P05_FNA_60_Y1	P05	225	1	0.0022075055187638
P05_FNA_60_Y1	P05	226	1	0.0022075055187638
P05_FNA_60_Y1	P05	234	1	0.0022075055187638
P05_FNA_60_Y1	P05	236	1	0.0022075055187638
P05_FNA_60_Y1	P05	241	1	0.0022075055187638
P05_FNA_60_Y1	P05	243	1	0.0022075055187638
P05_FNA_60_Y1	P05	244	1	0.0022075055187638
P05_FNA_60_Y1	P05	245	1	0.0022075055187638
P05_FNA_60_Y1	P05	253	1	0.0022075055187638
P05_FNA_60_Y1	P05	258	1	0.0022075055187638
P05_FNA_60_Y1	P05	294	1	0.0022075055187638
P05_FNA_60_Y1	P05	295	1	0.0022075055187638
P05_FNA_60_Y1	P05	300	1	0.0022075055187638
P05_FNA_60_Y1	P05	308	1	0.0022075055187638
P05_FNA_60_Y1	P05	312	1	0.0022075055187638
P05_FNA_60_Y1	P05	320	1	0.0022075055187638
P05_FNA_60_Y1	P05	321	1	0.0022075055187638
P05_FNA_60_Y1	P05	327	1	0.0022075055187638
P05_FNA_60_Y1	P05	33	1	0.0022075055187638
P05_FNA_60_Y1	P05	334	1	0.0022075055187638
P05_FNA_60_Y1	P05	337	1	0.0022075055187638
P05_FNA_60_Y1	P05	338	1	0.0022075055187638
P05_FNA_60_Y1	P05	34	1	0.0022075055187638
P05_FNA_60_Y1	P05	342	1	0.0022075055187638
P05_FNA_60_Y1	P05	346	1	0.0022075055187638
P05_FNA_60_Y1	P05	357	1	0.0022075055187638
P05_FNA_60_Y1	P05	359	1	0.0022075055187638
P05_FNA_60_Y1	P05	361	1	0.0022075055187638
P05_FNA_60_Y1	P05	364	1	0.0022075055187638
P05_FNA_60_Y1	P05	374	1	0.0022075055187638
P05_FNA_60_Y1	P05	376	1	0.0022075055187638
P05_FNA_60_Y1	P05	384	1	0.0022075055187638
P05_FNA_60_Y1	P05	389	1	0.0022075055187638
P05_FNA_60_Y1	P05	393	1	0.0022075055187638
P05_FNA_60_Y1	P05	396	1	0.0022075055187638
P05_FNA_60_Y1	P05	398	1	0.0022075055187638
P05_FNA_60_Y1	P05	400	1	0.0022075055187638
P05_FNA_60_Y1	P05	404	1	0.0022075055187638
P05_FNA_60_Y1	P05	405	1	0.0022075055187638
P05_FNA_60_Y1	P05	409	1	0.0022075055187638
P05_FNA_60_Y1	P05	41	1	0.0022075055187638
P05_FNA_60_Y1	P05	411	1	0.0022075055187638
P05_FNA_60_Y1	P05	413	1	0.0022075055187638
P05_FNA_60_Y1	P05	418	1	0.0022075055187638
P05_FNA_60_Y1	P05	420	1	0.0022075055187638
P05_FNA_60_Y1	P05	43	1	0.0022075055187638
P05_FNA_60_Y1	P05	433	1	0.0022075055187638
P05_FNA_60_Y1	P05	437	1	0.0022075055187638
P05_FNA_60_Y1	P05	44	1	0.0022075055187638
P05_FNA_60_Y1	P05	440	1	0.0022075055187638
P05_FNA_60_Y1	P05	445	1	0.0022075055187638
P05_FNA_60_Y1	P05	452	1	0.0022075055187638
P05_FNA_60_Y1	P05	457	1	0.0022075055187638
P05_FNA_60_Y1	P05	459	1	0.0022075055187638
P05_FNA_60_Y1	P05	462	1	0.0022075055187638
P05_FNA_60_Y1	P05	465	1	0.0022075055187638
P05_FNA_60_Y1	P05	468	1	0.0022075055187638
P05_FNA_60_Y1	P05	469	1	0.0022075055187638
P05_FNA_60_Y1	P05	472	1	0.0022075055187638
P05_FNA_60_Y1	P05	481	1	0.0022075055187638
P05_FNA_60_Y1	P05	484	1	0.0022075055187638
P05_FNA_60_Y1	P05	485	1	0.0022075055187638
P05_FNA_60_Y1	P05	486	1	0.0022075055187638
P05_FNA_60_Y1	P05	493	1	0.0022075055187638
P05_FNA_60_Y1	P05	494	1	0.0022075055187638
P05_FNA_60_Y1	P05	496	1	0.0022075055187638
P05_FNA_60_Y1	P05	499	1	0.0022075055187638
P05_FNA_60_Y1	P05	501	1	0.0022075055187638
P05_FNA_60_Y1	P05	502	1	0.0022075055187638
P05_FNA_60_Y1	P05	510	1	0.0022075055187638
P05_FNA_60_Y1	P05	514	1	0.0022075055187638
P05_FNA_60_Y1	P05	52	1	0.0022075055187638
P05_FNA_60_Y1	P05	524	1	0.0022075055187638
P05_FNA_60_Y1	P05	525	1	0.0022075055187638
P05_FNA_60_Y1	P05	527	1	0.0022075055187638
P05_FNA_60_Y1	P05	529	1	0.0022075055187638
P05_FNA_60_Y1	P05	532	1	0.0022075055187638
P05_FNA_60_Y1	P05	538	1	0.0022075055187638
P05_FNA_60_Y1	P05	541	1	0.0022075055187638
P05_FNA_60_Y1	P05	542	1	0.0022075055187638
P05_FNA_60_Y1	P05	545	1	0.0022075055187638
P05_FNA_60_Y1	P05	546	1	0.0022075055187638
P05_FNA_60_Y1	P05	556	1	0.0022075055187638
P05_FNA_60_Y1	P05	56	1	0.0022075055187638
P05_FNA_60_Y1	P05	562	1	0.0022075055187638
P05_FNA_60_Y1	P05	569	1	0.0022075055187638
P05_FNA_60_Y1	P05	576	1	0.0022075055187638
P05_FNA_60_Y1	P05	577	1	0.0022075055187638
P05_FNA_60_Y1	P05	579	1	0.0022075055187638
P05_FNA_60_Y1	P05	581	1	0.0022075055187638
P05_FNA_60_Y1	P05	591	1	0.0022075055187638
P05_FNA_60_Y1	P05	593	1	0.0022075055187638
P05_FNA_60_Y1	P05	598	1	0.0022075055187638
P05_FNA_60_Y1	P05	60	1	0.0022075055187638
P05_FNA_60_Y1	P05	602	1	0.0022075055187638
P05_FNA_60_Y1	P05	605	1	0.0022075055187638
P05_FNA_60_Y1	P05	608	1	0.0022075055187638
P05_FNA_60_Y1	P05	610	1	0.0022075055187638
P05_FNA_60_Y1	P05	612	1	0.0022075055187638
P05_FNA_60_Y1	P05	621	1	0.0022075055187638
P05_FNA_60_Y1	P05	625	1	0.0022075055187638
P05_FNA_60_Y1	P05	628	1	0.0022075055187638
P05_FNA_60_Y1	P05	632	1	0.0022075055187638
P05_FNA_60_Y1	P05	633	1	0.0022075055187638
P05_FNA_60_Y1	P05	639	1	0.0022075055187638
P05_FNA_60_Y1	P05	648	1	0.0022075055187638
P05_FNA_60_Y1	P05	652	1	0.0022075055187638
P05_FNA_60_Y1	P05	670	1	0.0022075055187638
P05_FNA_60_Y1	P05	676	1	0.0022075055187638
P05_FNA_60_Y1	P05	677	1	0.0022075055187638
P05_FNA_60_Y1	P05	679	1	0.0022075055187638
P05_FNA_60_Y1	P05	693	1	0.0022075055187638
P05_FNA_60_Y1	P05	697	1	0.0022075055187638
P05_FNA_60_Y1	P05	7	1	0.0022075055187638
P05_FNA_60_Y1	P05	71	1	0.0022075055187638
P05_FNA_60_Y1	P05	711	1	0.0022075055187638
P05_FNA_60_Y1	P05	712	1	0.0022075055187638
P05_FNA_60_Y1	P05	76	1	0.0022075055187638
P05_FNA_60_Y1	P05	81	1	0.0022075055187638
