sample_id	q	d	d_sd	d_lower	d_upper	e	e_lower	e_upper	subject_id
P05_FNA_0_Y1	0	132.37	4.76725640891506	123.026349133459	141.713650866541	1	0.929412624714503	1.0705873752855	P05
P05_FNA_0_Y1	0.1	131.102655948765	4.86357006918996	121.570233776866	140.635078120664	0.990425745627899	0.918412282064408	1.06243920919139	P05
P05_FNA_0_Y1	0.2	129.799806143662	4.96206504206852	120.074337372262	139.525274915061	0.980583260131916	0.907111410230884	1.05405511003295	P05
P05_FNA_0_Y1	0.3	128.461853180691	5.0628167321375	118.538914725375	138.384791636007	0.970475584956495	0.895511934164652	1.04543923574834	P05
P05_FNA_0_Y1	0.4	127.089416148668	5.16590471935766	116.964428951162	137.214403346175	0.960107397058763	0.883617352505567	1.03659744161196	P05
P05_FNA_0_Y1	0.5	125.683348143527	5.27141052352003	115.351573369702	136.015122917351	0.949485141221778	0.871432902996918	1.02753737944664	P05
P05_FNA_0_Y1	0.6	124.244752114257	5.37941454438852	113.701293349344	134.788210879169	0.938617149763971	0.85896572750128	1.01826857202666	P05
P05_FNA_0_Y1	0.7	122.774994332539	5.48999214103982	112.014807460693	133.535181204385	0.927513744296586	0.846225031810025	1.00880245678315	P05
P05_FNA_0_Y1	0.8	121.275714729315	5.60320886604678	110.293627154008	132.257802304622	0.916187313812155	0.83322223429786	0.99915239332645	P05
P05_FNA_0_Y1	0.9	119.748833321211	5.71911493294869	108.539574029186	130.958092613236	0.904652363233443	0.819971096390317	0.98933363007657	P05
P05_FNA_0_Y1	1	118.19811613239	5.83761907967032	106.756592980773	129.639639284008	0.892937343298258	0.806501420116134	0.979373266480381	P05
P05_FNA_0_Y1	1.1	116.621350750544	5.95908193694882	104.941764773202	128.300936727887	0.881025540156715	0.792791151871281	0.969259928442149	P05
P05_FNA_0_Y1	1.2	115.025978415581	6.0831095004439	103.103302880698	126.948653950465	0.868973169264798	0.778902341019097	0.959043997510499	P05
P05_FNA_0_Y1	1.3	113.413436406817	6.20974649573742	101.242556922048	125.584315891586	0.856791088666743	0.764845183365171	0.948736993968316	P05
P05_FNA_0_Y1	1.4	111.786956330376	6.3388705235308	99.3629984015935	124.210914259159	0.844503711795546	0.750645904673215	0.938361518917877	P05
P05_FNA_0_Y1	1.5	110.149970870557	6.47030702125333	97.4684021399834	122.83153960113	0.832136971145702	0.7363330221348	0.927940920156605	P05
P05_FNA_0_Y1	1.6	108.506078508077	6.60382548956533	95.5628183883414	121.449338627813	0.819718051734359	0.721937133703569	0.917498969765148	P05
P05_FNA_0_Y1	1.7	106.859002685767	6.73913727564936	93.6505363386232	120.067469032911	0.80727508261515	0.70749064243124	0.907059522799059	P05
P05_FNA_0_Y1	1.8	105.212546368228	6.87589517206173	91.7360394695142	118.689053266942	0.794836793595437	0.693027419124531	0.896646168066343	P05
P05_FNA_0_Y1	1.9	103.570543213571	7.013695030331	89.8239535555747	117.317132871567	0.782432146359228	0.678582409575996	0.886281883142459	P05
P05_FNA_0_Y1	2	101.936806796049	7.15207951819104	87.918988525828	115.95462506627	0.77008995086537	0.664191195329969	0.875988706400771	P05
P05_FNA_0_Y1	2.1	100.315079468409	7.29054406603022	86.0258756712875	114.60428326553	0.757838479024016	0.649889519311683	0.865787438736348	P05
P05_FNA_0_Y1	2.2	98.7089825172296	7.42854494835293	84.1493019609209	113.268663073538	0.745705088141041	0.635712789611852	0.855697386670229	P05
P05_FNA_0_Y1	2.3	97.1219692350191	7.565509328094	82.293843427253	111.950095042785	0.733715866397364	0.621695576242751	0.845736156551976	P05
P05_FNA_0_Y1	2.4	95.5572824089538	7.70084695887383	80.4638997191063	110.650665098801	0.721895311694143	0.607871116711538	0.835919506676749	P05
P05_FNA_0_Y1	2.5	94.0179175153977	7.83396310322093	78.6636319768691	109.372203053926	0.710266053602763	0.594270846693881	0.826261260511645	P05
P05_FNA_0_Y1	2.6	92.506592626871	7.96427210065721	76.8969061465057	108.116279107236	0.69884862602456	0.580923971795012	0.816773280254108	P05
P05_FNA_0_Y1	2.7	91.0257257052195	8.09121092915339	75.167243692762	106.884207717677	0.687661295650219	0.567857095208597	0.807465496091841	P05
P05_FNA_0_Y1	2.8	89.577419596775	8.21425206606675	73.4777813873505	105.6770578062	0.67671994860448	0.555093913933297	0.798345983275663	P05
P05_FNA_0_Y1	2.9	88.1634546891563	8.33291498250857	71.8312414372053	104.495667941107	0.66603803497134	0.542654993104217	0.789421076838463	P05
P05_FNA_0_Y1	3	86.7852888606359	8.44677569952781	70.2299127040733	103.340665017199	0.655626568411543	0.530557624114779	0.780695512708306	P05
P05_FNA_0_Y1	3.1	85.4440640732743	8.55547398508754	68.6756431918334	102.212484954715	0.645494175970947	0.51881576786155	0.772172584080345	P05
P05_FNA_0_Y1	3.2	84.1406187458714	8.65871795746487	67.16984339695	101.111394094793	0.635647191553006	0.507440080055526	0.763854303050485	P05
P05_FNA_0_Y1	3.3	82.8755049004889	8.75628605821187	65.7134995880635	100.037510212914	0.626089785453569	0.496438011543881	0.755741559363258	P05
P05_FNA_0_Y1	3.4	81.6490090077251	8.8480265412028	64.3071956527131	98.990822362737	0.616824121838219	0.485813973352822	0.747834270323616	P05
P05_FNA_0_Y1	3.5	80.4611754553152	8.93385477349231	62.9511418561591	97.9712090544714	0.607850536037737	0.475569553948471	0.740131518127003	P05
P05_FNA_0_Y1	3.6	79.3118316212432	9.01374874645987	61.6452087124888	96.9784545299976	0.599167723964971	0.4657037751189	0.732631672811042	P05
P05_FNA_0_Y1	3.7	78.200613632557	9.08774324831722	60.3889641651082	96.0122631000057	0.590772936711921	0.456213372857205	0.725332500566637	P05
P05_FNA_0_Y1	3.8	77.1269920197149	9.15592315527493	59.1817123901597	95.07227164927	0.582662174357595	0.447093090505097	0.718231258210093	P05
P05_FNA_0_Y1	3.9	76.090296619456	9.21841626745692	58.0225327407423	94.1580604981697	0.574830374098784	0.438335972960205	0.711324775237363	P05
P05_FNA_0_Y1	4	75.0897402247891	9.27538605852525	56.9103176073747	93.2691628422035	0.567271588915835	0.429933652696039	0.704609525135631	P05
P05_FNA_12_Y1	0	134.46	5.1126407537971	124.439408256666	144.480591743334	1	0.925475295676528	1.07452470432347	P05
P05_FNA_12_Y1	0.1	133.263374451125	5.22850541608792	123.01569214262	143.51105675963	0.991100509081696	0.914886896791759	1.06731412137163	P05
P05_FNA_12_Y1	0.2	132.033135111543	5.34895741379267	121.549371225671	142.516898997415	0.981951027157096	0.903981639340109	1.05992041497408	P05
P05_FNA_12_Y1	0.3	130.769492106297	5.4744096720249	120.039846312511	141.499137900084	0.972553116958925	0.892755067027447	1.0523511668904	P05
P05_FNA_12_Y1	0.4	129.472831347351	5.60531297590073	118.48661979251	140.459042902191	0.962909648574674	0.881203479045889	1.04461581810346	P05
P05_FNA_12_Y1	0.5	128.143731048704	5.74215163610672	116.889320648167	139.398141449241	0.953024922272082	0.869324116080375	1.03672572846379	P05
P05_FNA_12_Y1	0.6	126.782977760508	5.8854362019978	115.247734771284	138.318220749732	0.942904787747344	0.857115385774832	1.02869418971986	P05
P05_FNA_12_Y1	0.7	125.391581469423	6.03569273029941	113.561841096286	137.22132184256	0.93255675642885	0.844577131461298	1.0205363813964	P05
P05_FNA_12_Y1	0.8	123.970789239107	6.19344822177615	111.831853784312	136.109724693902	0.921990102923598	0.831710945889574	1.01226925995762	P05
P05_FNA_12_Y1	0.9	122.522096793309	6.35921201581514	110.058270272257	134.985923314361	0.911215951162494	0.818520528575464	1.00391137374952	P05
P05_FNA_12_Y1	1	121.04874463012	6.53327457158781	108.243761768697	133.853727491544	0.900258401235463	0.805025745713944	0.995491056756982	P05
P05_FNA_12_Y1	1.1	119.548287196893	6.7165743249115	106.38404342058	132.712530973206	0.889099265185875	0.791194730184291	0.987003800187459	P05
P05_FNA_12_Y1	1.2	118.027466646953	6.90888242986234	104.486305911001	131.568627382905	0.87778868546001	0.777080960218662	0.978496410701359	P05
P05_FNA_12_Y1	1.3	116.487336648476	7.11055813442123	102.550898795032	130.42377450192	0.866334498352493	0.76268703551266	0.969981961192325	P05
P05_FNA_12_Y1	1.4	114.930689311244	7.32162478329424	100.580568427671	129.280810194816	0.854757469219422	0.748033381136925	0.96148155730192	P05
P05_FNA_12_Y1	1.5	113.360552335433	7.54191932379667	98.5786620864852	128.142442584381	0.843080115539441	0.73314489131701	0.953015339761873	P05
P05_FNA_12_Y1	1.6	111.780166657289	7.77106719137043	96.5491548407621	127.011178473816	0.831326540661081	0.71805112926344	0.944601952058722	P05
P05_FNA_12_Y1	1.7	110.192957077059	8.00846351992402	94.4966570065052	125.889257147613	0.819522215358167	0.702786382615687	0.936258048100648	P05
P05_FNA_12_Y1	1.8	108.60249589913	8.25326297508392	92.4263977130281	124.778594085233	0.807693707415815	0.687389541224365	0.927997873607265	P05
P05_FNA_12_Y1	1.9	107.012459983497	8.50438027075342	90.3441809419878	123.680739025007	0.79586836221551	0.671903770206662	0.919832954224358	P05
P05_FNA_12_Y1	2	105.426582040845	8.76050294143086	88.2563117891837	122.596852292507	0.784073940509039	0.656375961543832	0.911771919474245	P05
P05_FNA_12_Y1	2.1	103.848597473698	9.02011717007282	86.1694926840244	121.527702263373	0.772338223067816	0.640855962249177	0.903820483886454	P05
P05_FNA_12_Y1	2.2	102.28218852849	9.28154641373358	84.0906918367348	120.473685220244	0.760688595333107	0.625395595989401	0.895981594676813	P05
P05_FNA_12_Y1	2.3	100.730927916586	9.54300129456588	82.0269890748178	119.434866758354	0.749151628116808	0.610047516546317	0.888255739687299	P05
P05_FNA_12_Y1	2.4	99.1982243163805	9.80263789068228	79.9854070971555	118.411041535605	0.737752672291986	0.594863952827276	0.880641391756697	P05
P05_FNA_12_Y1	2.5	97.6872722201978	10.0586204083886	77.9727384855966	117.401805954799	0.726515485796503	0.579895422323342	0.873135549269663	P05
P05_FNA_12_Y1	2.6	96.201008401039	10.3091835067284	75.995380017837	116.406636784241	0.715461909869396	0.56518949886834	0.865734320870452	P05
P05_FNA_12_Y1	2.7	94.7420768480686	10.552689476257	74.0591855345701	115.424968161567	0.704611608270628	0.55078971838889	0.858433498152366	P05
P05_FNA_12_Y1	2.8	93.3128034053904	10.7876761027077	72.1693467671998	114.456260043581	0.693981878665702	0.536734692601516	0.851229064729889	P05
P05_FNA_12_Y1	2.9	91.9151806322203	11.0128922547882	70.3303084472152	113.500052817225	0.683587540028412	0.523057477667821	0.844117602389003	P05
P05_FNA_12_Y1	3	90.5508626864348	11.2273197670783	68.5457203000468	112.556005072823	0.673440894588984	0.509785217165304	0.837096572012664	P05
P05_FNA_12_Y1	3.1	89.2211694113832	11.4301817337855	66.8184248764161	111.62391394635	0.663551758228345	0.496939051587209	0.83016446486948	P05
P05_FNA_12_Y1	3.2	87.9270983431551	11.6209386178434	65.1504771856315	110.703719500679	0.653927549778039	0.484534264358407	0.823320835197671	P05
P05_FNA_12_Y1	3.3	86.6693430801885	11.7992744490452	63.5431901163562	109.795496044021	0.644573427637874	0.472580619636741	0.816566235639007	P05
P05_FNA_12_Y1	3.4	85.4483163624153	11.9650757937289	61.9971987344147	108.899433990416	0.635492461419123	0.461082840505836	0.809902082332411	P05
P05_FNA_12_Y1	3.5	84.2641762616721	12.1184061849223	60.5125365891969	108.015815934147	0.6266858267267	0.45004117647774	0.803330476975661	P05
P05_FNA_12_Y1	3.6	83.1168540456005	12.2594784189337	59.0887178752445	107.144990215957	0.618153012387331	0.439452014541458	0.796854010233204	P05
P05_FNA_12_Y1	3.7	82.0060824995849	12.3886266775956	57.7248203935854	106.287344605584	0.609892031084225	0.429308496159344	0.790475566009106	P05
P05_FNA_12_Y1	3.8	80.9314237376688	12.5062799330168	56.4195654883798	105.443281986958	0.6018996261912	0.419601111768406	0.784198140613994	P05
P05_FNA_12_Y1	3.9	79.8922957757281	12.6129376111512	55.171392318621	104.613199232835	0.594171469401518	0.410318253150536	0.7780246856525	P05
P05_FNA_12_Y1	4	78.8879973602753	12.7091480771008	53.9785248549713	103.797469865579	0.586702345383573	0.401446711698433	0.771957979068714	P05
P05_FNA_2_0_Y1	0	131.9	5.63014142471675	120.865125579688	142.934874420312	1	0.916339087033269	1.08366091296673	P05
P05_FNA_2_0_Y1	0.1	130.474530420953	5.77156792839402	119.162465146975	141.786595694932	0.989192800765378	0.903430365026343	1.07495523650441	P05
P05_FNA_2_0_Y1	0.2	129.000174245067	5.91793463422853	117.401235499117	140.599112991017	0.978014967741223	0.890077600448197	1.06595233503425	P05
P05_FNA_2_0_Y1	0.3	127.476904254881	6.06945672243566	115.580987673183	139.372820836579	0.966466294578325	0.876277389485843	1.05665519967081	P05
P05_FNA_2_0_Y1	0.4	125.905020642933	6.22634706852874	113.70160463337	138.108436652496	0.954549057186754	0.862028844832221	1.04706926954129	P05
P05_FNA_2_0_Y1	0.5	124.285194527306	6.38880657341833	111.763363739214	136.807025315399	0.942268343649025	0.847334069288959	1.03720261800909	P05
P05_FNA_2_0_Y1	0.6	122.618510904043	6.55701090590134	109.76700568224	135.470016125846	0.92963237986386	0.832198678409705	1.02706608131801	P05
P05_FNA_2_0_Y1	0.7	120.906509350969	6.73109322172291	107.713809059811	134.099209642128	0.9166528381423	0.81663236588181	1.01667331040279	P05
P05_FNA_2_0_Y1	0.8	119.151220448615	6.91112268264565	105.605668897891	132.696771999338	0.90334511333294	0.800649498846789	1.00604072781909	P05
P05_FNA_2_0_Y1	0.9	117.355195567885	7.0970790142055	103.445176304607	131.265214831163	0.889728548657202	0.784269721793837	0.995187375520566	P05
P05_FNA_2_0_Y1	1	115.523378738223	7.28862936685555	101.237927682525	129.808829793921	0.875840627279932	0.767535463855384	0.98414579070448	P05
P05_FNA_2_0_Y1	1.1	113.653858763032	7.48607090895137	98.9814293957746	128.32628813029	0.861666859461958	0.750427819528238	0.972905899395678	P05
P05_FNA_2_0_Y1	1.2	111.756376344306	7.68835585052463	96.6874757769499	126.825276911662	0.84728109434652	0.733036207558377	0.961525981134663	P05
P05_FNA_2_0_Y1	1.3	109.83378825189	7.89501143109184	94.3598501894184	125.307726314362	0.832704990537456	0.715389311519472	0.950020669555439	P05
P05_FNA_2_0_Y1	1.4	107.891282480304	8.10514912659848	92.0054821028449	123.777082857764	0.817977880821109	0.697539667193669	0.938416094448548	P05
P05_FNA_2_0_Y1	1.5	105.934466203153	8.31765254945472	89.6321667703041	122.236765636002	0.803142275990546	0.679546374301016	0.926738177680076	P05
P05_FNA_2_0_Y1	1.6	103.969286050435	8.53118553956682	87.248469647455	120.690102453415	0.788243260427861	0.661474371853336	0.915012149002386	P05
P05_FNA_2_0_Y1	1.7	102.001931200609	8.74421724131004	84.8635803346476	119.140282066571	0.773327757396584	0.643393330816131	0.903262183977038	P05
P05_FNA_2_0_Y1	1.8	100.038722558151	8.95506460234735	82.4871184583209	117.590326657982	0.758443688841177	0.625376182398187	0.891511195284166	P05
P05_FNA_2_0_Y1	1.9	98.0859926526725	9.16195048583342	80.1288996722998	116.043085633045	0.743639064842096	0.607497343990142	0.87978078569405	P05
P05_FNA_2_0_Y1	2	96.1499619486174	9.36307329889895	77.7986754981668	114.501248399068	0.728961045857599	0.589830746763964	0.868091344951235	P05
P05_FNA_2_0_Y1	2.1	94.2366178120312	9.5566821918779	75.5058649042552	112.967370719807	0.714455025110168	0.572447800638781	0.856462249581555	P05
P05_FNA_2_0_Y1	2.2	92.3516023259899	9.74115090827136	73.2592973778084	111.443907274171	0.700163778059059	0.555415446382171	0.844912109735947	P05
P05_FNA_2_0_Y1	2.3	90.500114462068	9.91504350411225	71.0669862888602	109.933242635276	0.686126720713177	0.538794437368159	0.833459004058194	P05
P05_FNA_2_0_Y1	2.4	88.6868308947413	10.0771663674166	68.9359477483865	108.437714041096	0.672379309285377	0.522637966250087	0.822120652320668	P05
P05_FNA_2_0_Y1	2.5	86.9158481713126	10.2266029511482	66.8720747028711	106.959621639754	0.658952601753697	0.506990710408424	0.81091449309897	P05
P05_FNA_2_0_Y1	2.6	85.1906472501711	10.3627299300829	64.8800698056934	105.501224694649	0.645872989008121	0.491888323015113	0.799857655001128	P05
P05_FNA_2_0_Y1	2.7	83.5140798177929	10.4852156421761	62.9634347889918	104.064724846594	0.633162091112911	0.477357352456344	0.788966829769477	P05
P05_FNA_2_0_Y1	2.8	81.8883744646229	10.594003338039	61.1245094699693	102.652239459276	0.620836804129059	0.463415538058903	0.778258070199215	P05
P05_FNA_2_0_Y1	2.9	80.315159845258	10.6892827763704	59.3645505830076	101.265769107508	0.608909475703244	0.450072407755933	0.767746543650556	P05
P05_FNA_2_0_Y1	3	78.7955013990533	10.7714540751104	57.6838393507098	99.9071634473968	0.59738818346515	0.437330093636921	0.75744627329338	P05
P05_FNA_2_0_Y1	3.1	77.3299480330958	10.8410875774867	56.0818068279772	98.5780892382143	0.586277088954479	0.425184282243951	0.747369895665006	P05
P05_FNA_2_0_Y1	3.2	75.9185853010383	10.8988829876468	54.5571671735342	97.2800034285425	0.575576840796348	0.413625224969933	0.737528456622763	P05
P05_FNA_2_0_Y1	3.3	74.5610919614329	10.9456303386504	53.1080507095892	96.0141332132766	0.565285003498354	0.402638746850563	0.727931260146145	P05
P05_FNA_2_0_Y1	3.4	73.2567972805186	10.9821746116626	51.7321305697297	94.7814639913075	0.555396491891726	0.392207206745487	0.718585777037965	P05
P05_FNA_2_0_Y1	3.5	72.0047369807698	11.0093851240677	50.426738645666	93.5827353158736	0.545903995305305	0.382310376388673	0.709497614221938	P05
P05_FNA_2_0_Y1	3.6	70.80370626894	11.0281302026839	49.188968254861	92.4184442830189	0.536798379597725	0.372926218763162	0.700670540432289	P05
P05_FNA_2_0_Y1	3.7	69.6523088655282	11.0392571826868	48.0157623713871	91.2888553596694	0.528069058874361	0.364031557023405	0.692106560725318	P05
P05_FNA_2_0_Y1	3.8	68.5490013781925	11.0435774278212	46.9039873591835	90.1940153972016	0.519704331904416	0.355602633504045	0.683806030304788	P05
P05_FNA_2_0_Y1	3.9	67.4921327049817	11.0418558433518	45.850492929529	89.1337724804343	0.511691680856571	0.347615564287559	0.675767797425583	P05
P05_FNA_2_0_Y1	4	66.4799784195612	11.0348042320306	44.852159548331	88.1077972907913	0.504018031990608	0.340046698622677	0.667989365358539	P05
P05_FNA_2_12_Y1	0	119.54	4.96301901960336	109.81266146699	129.26733853301	1	0.91862691540062	1.08137308459938	P05
P05_FNA_2_12_Y1	0.1	117.971756568845	5.06040025126793	108.053554329003	127.889958808688	0.986881015299023	0.903911279312386	1.06985075128566	P05
P05_FNA_2_12_Y1	0.2	116.362911876025	5.16308698542355	106.243447335547	126.482376416502	0.973422384775179	0.888769008997383	1.05807576055297	P05
P05_FNA_2_12_Y1	0.3	114.714564268647	5.27170130936986	104.38221956503	125.046908972265	0.959633296542141	0.873199092898025	1.04606750018626	P05
P05_FNA_2_12_Y1	0.4	113.028164787352	5.38686301198874	102.470107294203	123.586222280501	0.94552588913629	0.857203507564022	1.03384827070856	P05
P05_FNA_2_12_Y1	0.5	111.305544344714	5.50915948942977	100.507790160344	122.103298529083	0.931115478874968	0.840787938433531	1.02144301931641	P05
P05_FNA_2_12_Y1	0.6	109.548936899799	5.63910934187626	98.4964856848378	120.60138811476	0.916420753720919	0.823962570560798	1.00887893688104	P05
P05_FNA_2_12_Y1	0.7	107.760996905342	5.77712096774249	96.4380478742358	119.083945936449	0.901463919234919	0.806742913453537	0.996184925016302	P05
P05_FNA_2_12_Y1	0.8	105.944809154156	5.92344845048574	94.3350635269243	117.554554781388	0.886270780944922	0.789150606716783	0.98339095517306	P05
P05_FNA_2_12_Y1	0.9	104.103889099744	6.07814801380653	92.1909378999792	116.016840299508	0.870870747028138	0.771214136690473	0.970527357365803	P05
P05_FNA_2_12_Y1	1	102.2440425105	6.24087225234637	90.0121576637862	114.475927357215	0.855312385063581	0.75298776697161	0.957637003155552	P05
P05_FNA_2_12_Y1	1.1	100.363988022992	6.4116745928344	87.7973367404461	112.930639305538	0.839584975932676	0.73445990246316	0.944710049402192	P05
P05_FNA_2_12_Y1	1.2	98.4740261104709	6.58932424697978	85.559187903934	111.388864317008	0.823774687221607	0.715736890613468	0.931812483829745	P05
P05_FNA_2_12_Y1	1.3	96.5772797333742	6.77297504729773	83.3024925724822	109.852066894266	0.807907643745811	0.696858729901976	0.918956557589646	P05
P05_FNA_2_12_Y1	1.4	94.6789815026366	6.96135001895861	81.0349861817005	108.322976823573	0.792027618392476	0.677890130347168	0.906165106437784	P05
P05_FNA_2_12_Y1	1.5	92.7845242521428	7.15294553633778	78.7650086175442	106.804039886741	0.776179724377972	0.658900858436876	0.893458590319068	P05
P05_FNA_2_12_Y1	1.6	90.8993724210715	7.34608473841072	76.5013109064072	105.297433935736	0.760409673925644	0.639964120013445	0.880855227837844	P05
P05_FNA_2_12_Y1	1.7	89.0289670117218	7.53898278707257	74.2528322689922	103.805101754451	0.744762983199948	0.621154695240022	0.868371271159875	P05
P05_FNA_2_12_Y1	1.8	87.1786282766823	7.72981833689465	72.0284627293315	102.328793824033	0.729284158245627	0.602546952729893	0.856021363761361	P05
P05_FNA_2_12_Y1	1.9	85.3534606384515	7.91680506292302	69.836807842498	100.870113434405	0.714015899602237	0.584212881399515	0.84381891780496	P05
P05_FNA_2_12_Y1	2	83.5582642894782	8.09825746970759	67.6859713113189	99.4305572676376	0.698998362803064	0.56622027197021	0.831776453635917	P05
P05_FNA_2_12_Y1	2.1	81.7974574619471	8.27264634623275	65.583368566494	98.0115463574002	0.684268508130727	0.548631157491167	0.819905858770287	P05
P05_FNA_2_12_Y1	2.2	80.0750125566288	8.43864085651144	63.5355803993982	96.6144447138595	0.669859566309426	0.531500588919175	0.808218543699677	P05
P05_FNA_2_12_Y1	2.3	78.3944082874278	8.59513602215522	61.5482512417807	95.2405653330749	0.655800638174902	0.514875784187559	0.796725492162246	P05
P05_FNA_2_12_Y1	2.4	76.7585988644798	8.74126595058022	59.6260324220563	93.8911653069033	0.6421164368787	0.498795653522304	0.785437220235095	P05
P05_FNA_2_12_Y1	2.5	75.1700001330401	8.87640437830882	57.7725672393412	92.567433026739	0.628827171934416	0.483290674580401	0.774363669288431	P05
P05_FNA_2_12_Y1	2.6	73.6304916146964	9.00015484449515	55.9905122642022	91.2704709651906	0.615948566293261	0.468383070639135	0.763514061947386	P05
P05_FNA_2_12_Y1	2.7	72.1414326341518	9.11233310687798	54.2815879295389	90.0012773387646	0.60349199125106	0.454087233809093	0.752896748693028	P05
P05_FNA_2_12_Y1	2.8	70.7036901944436	9.2129443547957	52.6466510674724	88.7607293214147	0.591464699635633	0.440410331834301	0.742519067436964	P05
P05_FNA_2_12_Y1	2.9	69.3176759882331	9.30215748451736	51.0857823400594	87.5495696364069	0.579870135421057	0.427353039485188	0.732387231356925	P05
P05_FNA_2_12_Y1	3	67.9833898794926	9.3802782973941	49.5983822516374	86.3683975073477	0.568708297469404	0.414910341740317	0.722506253198492	P05
P05_FNA_2_12_Y1	3.1	66.7004673187072	9.4477230507544	48.1832704033197	85.2176642340948	0.557976136177909	0.403072364090009	0.712879908265808	P05
P05_FNA_2_12_Y1	3.2	65.4682284176927	9.50499339163	46.8387836968067	84.0976731385787	0.547667964009476	0.391825194050583	0.703510733968368	P05
P05_FNA_2_12_Y1	3.3	64.2857267582682	9.55265336190195	45.5628702121449	83.0085833043915	0.537775863796789	0.381151666489417	0.694400061104162	P05
P05_FNA_2_12_Y1	3.4	63.1517963974478	9.59130888754606	44.3531764132586	81.950416381637	0.528290081959577	0.371032093134169	0.685548070784984	P05
P05_FNA_2_12_Y1	3.5	62.0650959231253	9.62158995014864	43.2071261468215	80.9230656994292	0.519199397048062	0.361444923429994	0.67695387066613	P05
P05_FNA_2_12_Y1	3.6	61.0241487802721	9.64413547695637	42.1219905834127	79.9263069771316	0.510491457087771	0.352367329625336	0.668615584550206	P05
P05_FNA_2_12_Y1	3.7	60.0273794097237	9.65958086705419	41.0949488045453	78.9598100149021	0.502153081894961	0.343775713606703	0.66053045018322	P05
P05_FNA_2_12_Y1	3.8	59.0731450096281	9.6685479876792	40.1231391709796	78.0231508482765	0.494170528773867	0.335646136615188	0.652694920932546	P05
P05_FNA_2_12_Y1	3.9	58.159762940601	9.67163741956251	39.2037019267286	77.1158239544734	0.4865297217718	0.327954675646048	0.645104767897552	P05
P05_FNA_2_12_Y1	4	57.2855339518793	9.66942269817033	38.3338137121713	76.2372541915873	0.479216445975233	0.320677712164726	0.637755179785739	P05
P05_FNA_2_28_Y1	0	132.16	5.09550989651945	122.172984119954	142.147015880046	1	0.924432385895539	1.07556761410446	P05
P05_FNA_2_28_Y1	0.1	130.897757593707	5.20622533166501	120.693743448243	141.101771739171	0.99044913433495	0.913239584202811	1.06765868446709	P05
P05_FNA_2_28_Y1	0.2	129.600445698509	5.32031553667933	119.172818860229	140.028072536789	0.980632912367652	0.901731377574368	1.05953444716094	P05
P05_FNA_2_28_Y1	0.3	128.268417221	5.4380119071087	117.610109735567	138.926724706433	0.970554004396184	0.889907004657738	1.05120100413463	P05
P05_FNA_2_28_Y1	0.4	126.902226643185	5.5595748566391	116.005660154818	137.798793131552	0.960216605956305	0.877766798992269	1.04266641292034	P05
P05_FNA_2_28_Y1	0.5	125.502646971642	5.6852943895496	114.359674726617	136.645619216667	0.94962656606872	0.865312308766777	1.03394082337066	P05
P05_FNA_2_28_Y1	0.6	124.070685605481	5.81548938107566	112.672535866097	135.468835344864	0.938791507305391	0.852546427558241	1.02503658705254	P05
P05_FNA_2_28_Y1	0.7	122.607598585339	5.95050509101915	110.944822917119	134.270374253559	0.927720933605774	0.839473539021787	1.01596832818976	P05
P05_FNA_2_28_Y1	0.8	121.114902635944	6.09070835311954	109.177333623493	133.052471648396	0.916426321397884	0.826099679354516	1.00675296344125	P05
P05_FNA_2_28_Y1	0.9	119.594384376276	6.23647981328761	107.371108551921	131.817660200631	0.904921189287802	0.812432722093835	0.99740965648177	P05
P05_FNA_2_28_Y1	1	118.049664436598	6.38804773432703	105.529320945794	130.570007927401	0.893232933085636	0.79849667785861	0.987969188312661	P05
P05_FNA_2_28_Y1	1.1	116.478407093706	6.54624648010766	103.647999758773	129.308814428639	0.881343879340999	0.784261499385391	0.978426259296606	P05
P05_FNA_2_28_Y1	1.2	114.887900962028	6.71094795538814	101.734684667344	128.041117256711	0.869309177981446	0.769784236284386	0.968834119678506	P05
P05_FNA_2_28_Y1	1.3	113.279466473183	6.88258452268436	99.7898486881691	126.769084258197	0.857138820166338	0.755068467676824	0.959209172655852	P05
P05_FNA_2_28_Y1	1.4	111.656233223239	7.06134497358779	97.8162513925938	125.496215053884	0.84485648625332	0.740135074096503	0.949577898410138	P05
P05_FNA_2_28_Y1	1.5	110.02156051812	7.24729579847756	95.8171217677957	124.225999268445	0.832487594719432	0.725008487952449	0.939966701486415	P05
P05_FNA_2_28_Y1	1.6	108.37900949459	7.44034593356336	93.796199432287	122.961819556893	0.820059091212093	0.709717005389581	0.930401177034605	P05
P05_FNA_2_28_Y1	1.7	106.732308265804	7.64021273250049	91.7577664758788	121.706850055729	0.807599184819947	0.694293027208526	0.920905342431367	P05
P05_FNA_2_28_Y1	1.8	105.085310200772	7.84639299759144	89.7066625169459	120.463957884599	0.795137032390832	0.678773172797714	0.91150089198395	P05
P05_FNA_2_28_Y1	1.9	103.441945810848	8.05814345543725	87.6482748559341	119.235616765762	0.782702374476758	0.663198205629042	0.902206543324473	P05
P05_FNA_2_28_Y1	2	101.806169172386	8.27447497189206	85.5884962364993	118.023842108272	0.770325129936334	0.647612713653899	0.893037546218768	P05
P05_FNA_2_28_Y1	2.1	100.181900336359	8.494163865077	83.5336450820267	116.830155590692	0.758034960172209	0.632064505765941	0.884005414578478	P05
P05_FNA_2_28_Y1	2.2	98.5729657043676	8.71578186792558	81.4903471461262	115.655584262609	0.74586081798099	0.616603716299381	0.875117919662598	P05
P05_FNA_2_28_Y1	2.3	96.9830387988033	8.93774384047994	79.4653827684179	114.500694829189	0.733830499385618	0.60128164927677	0.866379349494466	P05
P05_FNA_2_28_Y1	2.4	95.4155841236189	9.15836970451317	77.4655093456704	113.365658901567	0.721970218853049	0.586149435121598	0.8577910025845	P05
P05_FNA_2_28_Y1	2.5	93.8738068167321	9.3759548623822	75.4972729657898	112.250340667674	0.710304228334837	0.571256605370685	0.849351851298989	P05
P05_FNA_2_28_Y1	2.6	92.3606104953501	9.58884210156892	73.5668253228336	111.154395667867	0.698854498300167	0.556649707345896	0.841059289254438	P05
P05_FNA_2_28_Y1	2.7	90.8785651138521	9.79548796742485	71.6797614867039	110.077368741	0.687640474529753	0.542371076624576	0.832909872434929	P05
P05_FNA_2_28_Y1	2.8	89.4298858744776	9.99451776264989	69.840991016838	109.018780732117	0.676678918541749	0.528457861810215	0.824899975273284	P05
P05_FNA_2_28_Y1	2.9	88.0164233781261	10.1847653508067	68.0546500995536	107.978196656699	0.665983833066935	0.514941359712119	0.817026306421751	P05
P05_FNA_2_28_Y1	3	86.6396644064958	10.3652962837802	66.3240570011998	106.955271811792	0.655566467966827	0.501846678277843	0.80928625765581	P05
P05_FNA_2_28_Y1	3.1	85.3007420916697	10.5354149306044	64.6517082654995	105.94977591784	0.645435397182731	0.489192707820063	0.801678086545399	P05
P05_FNA_2_28_Y1	3.2	84.0004538129468	10.6946578979647	63.0393095059591	104.961598119934	0.635596654153653	0.476992354009981	0.794200954297325	P05
P05_FNA_2_28_Y1	3.3	82.7392849716382	10.8427769497383	61.4878326577502	103.990737285526	0.626053911710337	0.465252971078618	0.786854852342057	P05
P05_FNA_2_28_Y1	3.4	81.5174368024353	10.9797148907623	59.997591056023	103.037282548848	0.616808692512373	0.453976929903322	0.779640455121425	P05
P05_FNA_2_28_Y1	3.5	80.3348565329414	11.1055776349136	58.5683243409973	102.101388724885	0.607860597252886	0.443162260449435	0.772558934056337	P05
P05_FNA_2_28_Y1	3.6	79.191268444263	11.2206051282997	57.1992865080502	101.183250380476	0.599207539681167	0.432803318008855	0.765611761353479	P05
P05_FNA_2_28_Y1	3.7	78.0862046651268	11.3251431270126	55.8893320164207	100.283077313833	0.59084597960901	0.422891434748946	0.758800524469074	P05
P05_FNA_2_28_Y1	3.8	77.0190348123103	11.4196171696837	54.6369964424951	99.4010731821255	0.582771147187578	0.41341552998256	0.752126764392596	P05
P05_FNA_2_28_Y1	3.9	75.9889938471169	11.5045095176174	53.4405695327885	98.5374181614454	0.574977253685812	0.404362662929695	0.745591844441929	P05
P05_FNA_2_28_Y1	4	74.9952077384983	11.5803393930228	52.2981595994232	97.6922558775733	0.567457685672656	0.395718519971422	0.73919685137389	P05
P05_FNA_2_5_Y1	0	132.76	6.26647777611897	120.477929248886	145.042070751114	1	0.907486662013303	1.0925133379867	P05
P05_FNA_2_5_Y1	0.1	131.359255069273	6.4293217951748	118.758015905712	143.960494232834	0.989449043908351	0.894531605195176	1.08436648262153	P05
P05_FNA_2_5_Y1	0.2	129.910970920361	6.59688469801625	116.981314502085	142.840627338636	0.978540003919558	0.881148798599618	1.0759312092395	P05
P05_FNA_2_5_Y1	0.3	128.41521863421	6.76905810935763	115.148108530611	141.68232873781	0.967273415442983	0.867340377603274	1.06720645328269	P05
P05_FNA_2_5_Y1	0.4	126.872394318217	6.9456768247079	113.259117893535	140.485670742899	0.955652262113713	0.853111764790107	1.05819275943732	P05
P05_FNA_2_5_Y1	0.5	125.283258372152	7.12651116238219	111.31555315846	139.250963585844	0.943682271558842	0.838472078626545	1.04889246449114	P05
P05_FNA_2_5_Y1	0.6	123.648973176966	7.31125952400703	109.319167828287	137.978778525645	0.931372199284168	0.823434527179022	1.03930987138931	P05
P05_FNA_2_5_Y1	0.7	121.971137548799	7.49954151640701	107.272306276078	136.66996882152	0.918734088195232	0.808016769178053	1.02945140721241	P05
P05_FNA_2_5_Y1	0.8	120.251816057306	7.69089204348636	105.177944643087	135.325687471525	0.905783489434366	0.792241222078092	1.01932575679064	P05
P05_FNA_2_5_Y1	0.9	118.493561125807	7.88475682302084	103.03972172583	133.947400525784	0.892539628847598	0.776135294710981	1.00894396298422	P05
P05_FNA_2_5_Y1	1	116.70123666239	8.08029338904242	100.864152635349	132.53832068943	0.879039143284044	0.759748061429266	0.998330225138821	P05
P05_FNA_2_5_Y1	1.1	114.872964693312	8.27735308370151	98.6496507619357	131.096278624689	0.865267887114434	0.743067571270983	0.987468202957884	P05
P05_FNA_2_5_Y1	1.2	113.018222335641	8.47451955262182	96.408469226222	129.62797544506	0.851297245673706	0.72618611951056	0.976408371836852	P05
P05_FNA_2_5_Y1	1.3	111.139705562643	8.6710792007126	94.1447026221516	128.134708503134	0.837147526081973	0.709134548223498	0.965160503940447	P05
P05_FNA_2_5_Y1	1.4	109.242340946668	8.86604902234033	91.8652041777144	126.619477715622	0.82285583719997	0.691964478590798	0.953747195809141	P05
P05_FNA_2_5_Y1	1.5	107.331416069763	9.05838706060557	89.5773036729523	125.085528466573	0.808462007153984	0.674731121369029	0.942192892938938	P05
P05_FNA_2_5_Y1	1.6	105.412505885033	9.24701055442998	87.2886982336882	123.536313536377	0.794008028660988	0.657492454306178	0.930523603015797	P05
P05_FNA_2_5_Y1	1.7	103.491386003603	9.43081796773106	85.0073224420966	121.975449565109	0.779537405872271	0.640308243763909	0.918766567980632	P05
P05_FNA_2_5_Y1	1.8	101.573935795728	9.60871430848356	82.7412018133657	120.406669778091	0.765094424493282	0.623238941046744	0.906949907939821	P05
P05_FNA_2_5_Y1	1.9	99.6660350598569	9.77963875337144	80.4982953214367	118.833774798277	0.750723373454783	0.606344496244627	0.895102250664938	P05
P05_FNA_2_5_Y1	2	97.7734586369091	9.9425932250704	78.2863340028392	117.260583270979	0.736467751106576	0.589683142534191	0.883252359678962	P05
P05_FNA_2_5_Y1	2.1	95.9017736395876	10.0966702929129	76.1126635017029	115.690883777472	0.722369491108674	0.573310210166488	0.871428772050861	P05
P05_FNA_2_5_Y1	2.2	94.0562438768649	10.2410786476199	73.9840985646877	114.128389189042	0.70846824251932	0.557277030466162	0.859659454572477	P05
P05_FNA_2_5_Y1	2.3	92.2417455802641	10.3751644775343	71.9067968706177	112.576694289911	0.694800735012535	0.541629985467141	0.847971484557928	P05
P05_FNA_2_5_Y1	2.4	90.4626977317319	10.4984273518705	69.8861582277555	111.039237235708	0.681400254080536	0.526409748627263	0.836390759533808	P05
P05_FNA_2_5_Y1	2.5	88.7230092475063	10.610529661564	67.9267532539469	109.519265241066	0.668296243202066	0.511650747619365	0.824941738784766	P05
P05_FNA_2_5_Y1	2.6	87.0260441106361	10.7112992151827	66.0322834212459	108.019804800026	0.65551404120696	0.497380863371843	0.813647219042078	P05
P05_FNA_2_5_Y1	2.7	85.3746043951318	10.8007251557937	64.2055720828603	106.543636707403	0.643074754407441	0.483621362480117	0.802528146334764	P05
P05_FNA_2_5_Y1	2.8	83.7709301011262	10.8789478770751	62.4485840723706	105.093276129882	0.63099525535648	0.470387044835572	0.791603465877387	P05
P05_FNA_2_5_Y1	2.9	82.2167139069151	10.9462440132539	60.7624698749503	103.67095793888	0.619288293965917	0.457686576340391	0.780890011591443	P05
P05_FNA_2_5_Y1	3	80.7131283864675	11.0030078234142	59.1476293309631	102.278627441972	0.607962702519339	0.445522968747839	0.770402436290839	P05
P05_FNA_2_5_Y1	3.1	79.2608629482249	11.0497303794185	57.6037893656865	100.917936530763	0.597023673909498	0.433894165152806	0.760153182666189	P05
P05_FNA_2_5_Y1	3.2	77.8601676996167	11.0869779142839	56.1300902902292	99.5902451090041	0.586473092042909	0.422793690043908	0.750152494041911	P05
P05_FNA_2_5_Y1	3.3	76.5109015871089	11.1153705260706	54.7251756811924	98.2966274930254	0.576309894449449	0.412211326312085	0.740408462586813	P05
P05_FNA_2_5_Y1	3.4	75.2125824487303	11.1355622001488	53.3872815888332	97.0378833086275	0.566530449297457	0.402133787201214	0.730927111393699	P05
P05_FNA_2_5_Y1	3.5	73.9644369888833	11.1482228488821	52.1143217134479	95.8145522643187	0.557128931823466	0.392545357889785	0.721712505757146	P05
P05_FNA_2_5_Y1	3.6	72.7654490939995	11.1540228055072	50.9039661124671	94.6269320755319	0.548097688264534	0.38342848834338	0.712766888185688	P05
P05_FNA_2_5_Y1	3.7	71.6144053125157	11.153619972877	49.7537118684301	93.4750987566013	0.539427578431122	0.374764325613363	0.70409083124888	P05
P05_FNA_2_5_Y1	3.8	70.5099366955849	11.1476496329187	48.6609449027932	92.3589284883767	0.531108290867618	0.366533179442552	0.695683402292684	P05
P05_FNA_2_5_Y1	3.9	69.4505565187549	11.136716775579	47.622992732597	91.2781203049126	0.523128626986704	0.358714919648968	0.68754233432444	P05
P05_FNA_2_5_Y1	4	68.4346936716353	11.1213907063096	46.6371684292701	90.2322189140005	0.51547675257333	0.351289307240661	0.679664197906	P05
P05_FNA_2_60_Y1	0	128.21	5.57325811623244	117.286614815639	139.133385184361	1	0.914800833130324	1.08519916686968	P05
P05_FNA_2_60_Y1	0.1	126.686948198142	5.71188778561943	115.491853854593	137.88204254169	0.988120647360906	0.900802229581105	1.07543906514071	P05
P05_FNA_2_60_Y1	0.2	125.111683497895	5.85612305557632	113.633893219931	136.589473775859	0.975834049589697	0.886310687309343	1.06535741187005	P05
P05_FNA_2_60_Y1	0.3	123.484165944786	6.00638300469978	111.711871578221	135.256460311351	0.96313989505332	0.871319488169575	1.05496030193707	P05
P05_FNA_2_60_Y1	0.4	121.804716102555	6.163133535447	109.725196341168	133.884235863942	0.950040684053934	0.855824010148723	1.04425735795915	P05
P05_FNA_2_60_Y1	0.5	120.07406700631	6.32688792385205	107.673594541338	132.474539471281	0.936542134048122	0.83982212418172	1.03326214391452	P05
P05_FNA_2_60_Y1	0.6	118.293416980839	6.49820322072639	105.557172703993	131.029661257684	0.922653591614059	0.823314661134019	1.0219925220941	P05
P05_FNA_2_60_Y1	0.7	116.464481715359	6.67766972989361	103.376489544114	129.552473886603	0.908388438619129	0.806305978816892	1.01047089842137	P05
P05_FNA_2_60_Y1	0.8	114.589543520485	6.8658897948997	101.132646800661	128.04644024031	0.893764476409683	0.788804670467677	0.998724282351688	P05
P05_FNA_2_60_Y1	0.9	112.671495156497	7.06344129714322	98.8274046071833	126.515585705811	0.878804267658505	0.770824464606375	0.986784070710635	P05
P05_FNA_2_60_Y1	1	110.715851054541	7.27060871586157	96.4657198257691	124.965982283312	0.863550823294133	0.752404023288114	0.974697623300152	P05
P05_FNA_2_60_Y1	1.1	108.720889750132	7.48836531968946	94.0439634204623	123.397816079802	0.847990716403809	0.733515041108043	0.962466391699574	P05
P05_FNA_2_60_Y1	1.2	106.697419894094	7.71614610155084	91.5740514356056	121.820788352583	0.832208251260388	0.714250459680255	0.95016604284052	P05
P05_FNA_2_60_Y1	1.3	104.649003377096	7.95385325851218	89.0597374520954	120.238269302096	0.816231209555385	0.694639555823223	0.937822863287546	P05
P05_FNA_2_60_Y1	1.4	102.581792105797	8.20067569287028	86.508763098878	118.654821112716	0.80010757433739	0.674742711948194	0.925472436726586	P05
P05_FNA_2_60_Y1	1.5	100.50247750341	8.45520820323021	83.9305739432911	117.074381063529	0.783889536724202	0.654633600680845	0.913145472767559	P05
P05_FNA_2_60_Y1	1.6	98.418183146202	8.7154123101781	81.3362889078359	115.500077384568	0.767632658499353	0.63439894632116	0.900866370677545	P05
P05_FNA_2_60_Y1	1.7	96.3363260765947	8.97865481573121	78.7384860081444	113.934166145045	0.751394790395403	0.614136853663087	0.88865272712772	P05
P05_FNA_2_60_Y1	1.8	94.2644527091747	9.24183197228781	76.1507948923198	112.37811052603	0.735234792209459	0.593953629922158	0.87651595449676	P05
P05_FNA_2_60_Y1	1.9	92.2100594220438	9.50156496917139	73.5873342857005	110.832784558387	0.71921113346887	0.573959396971379	0.864462869966361	P05
P05_FNA_2_60_Y1	2	90.1804106938086	9.75443288629753	71.0620735470523	109.298747840565	0.703380474953659	0.554263111668765	0.852497838238552	P05
P05_FNA_2_60_Y1	2.1	88.1823681278916	9.99720106616737	68.5882140919982	107.776522163785	0.687796335136819	0.534967741143422	0.840624929130217	P05
P05_FNA_2_60_Y1	2.2	86.2222418605413	10.227008918892	66.1776727099429	106.26681101114	0.672507931210836	0.516166232820708	0.828849629600964	P05
P05_FNA_2_60_Y1	2.3	84.3056724407699	10.4414969727532	63.8407144294896	104.77063045205	0.657559257786209	0.497938650881286	0.817179864691133	P05
P05_FNA_2_60_Y1	2.4	82.4375473777659	10.6388702583192	61.585744835266	103.289349920266	0.642988435986006	0.480350556393932	0.805626315578081	P05
P05_FNA_2_60_Y1	2.5	80.6219530291395	10.817907329973	59.4192442743006	101.824661783978	0.628827338188437	0.463452494144767	0.794202182232107	P05
P05_FNA_2_60_Y1	2.6	78.86215975631	10.977929400896	57.3458135057304	100.37850600689	0.615101472243273	0.447280348691447	0.782922595795099	P05
P05_FNA_2_60_Y1	2.7	77.1606363554177	11.1187438912992	55.3682987751465	98.9529739356888	0.601830094028685	0.431856319905986	0.771803868151383	P05
P05_FNA_2_60_Y1	2.8	75.519088593178	11.2405740062932	53.4879683752863	97.5502088110697	0.589026508019484	0.417190300095829	0.760862715943138	P05
P05_FNA_2_60_Y1	2.9	73.9385161315832	11.3439828841296	51.7047182374504	96.172314025716	0.57669851128292	0.403281477555966	0.750115545009874	P05
P05_FNA_2_60_Y1	3	72.4192821158227	11.4297983041329	50.0172890891653	94.8212751424801	0.56484893624384	0.390120030334337	0.739577842153343	P05
P05_FNA_2_60_Y1	3.1	70.9611901172567	11.4990420272827	48.4234818870701	93.4988983474433	0.553476250817071	0.377688806544498	0.729263695089644	P05
P05_FNA_2_60_Y1	3.2	69.5635638385384	11.5528663880269	46.9203617998023	92.2067658772745	0.542575180083756	0.365964915371674	0.719185444795839	P05
P05_FNA_2_60_Y1	3.3	68.2253258648219	11.5924996046815	45.5044441488514	90.9462075807925	0.532137320527431	0.354921177356301	0.709353463698561	P05
P05_FNA_2_60_Y1	3.4	66.9450726615002	11.6192003561734	44.1718584342454	89.718286888755	0.522151724994152	0.344527403745772	0.699776046242532	P05
P05_FNA_2_60_Y1	3.5	65.7211438828721	11.6342214685592	42.9184888163334	88.5237989494107	0.512605443279557	0.334751492210696	0.690459394348418	P05
P05_FNA_2_60_Y1	3.6	64.5516848097298	11.6387820600066	41.740091148206	87.3632784712536	0.503484009123546	0.3255603396631	0.681407678583992	P05
P05_FNA_2_60_Y1	3.7	63.4347013499197	11.6340471898941	40.6323878632879	86.2370148365516	0.494771869198344	0.316920582351516	0.672623156045173	P05
P05_FNA_2_60_Y1	3.8	62.3681075102333	11.6211139141753	39.5911427782125	85.1450722422542	0.486452753375192	0.308799179301244	0.664106327449139	P05
P05_FNA_2_60_Y1	3.9	61.3497655910014	11.6010026257378	38.6122182600007	84.0873129220022	0.478509988230258	0.301163858201394	0.655856118259123	P05
P05_FNA_2_60_Y1	4	60.3775195847998	11.5746526164185	37.6916173230571	83.0634218465424	0.470926757544651	0.293983443748983	0.64787007134032	P05
P05_FNA_3_12_Y1	0	125.725	5.02550030010263	115.875200407504	135.574799592496	1	0.921655998468909	1.07834400153109	P05
P05_FNA_3_12_Y1	0.1	124.280415093158	5.10864421121371	114.26765642935	134.293173756966	0.988509962960095	0.908869806556771	1.06815011936342	P05
P05_FNA_3_12_Y1	0.2	122.795482609345	5.19417854431822	112.615079733211	132.975885485479	0.976699006636269	0.895725430369541	1.057672582903	P05
P05_FNA_3_12_Y1	0.3	121.270794244887	5.28260444091798	110.917079796117	131.624508693658	0.964571837302743	0.882219763739247	1.04692391086624	P05
P05_FNA_3_12_Y1	0.4	119.707225042199	5.37451794393661	109.173363437819	130.241086646579	0.952135414930993	0.868350474749008	1.03592035511298	P05
P05_FNA_3_12_Y1	0.5	118.105959453522	5.47061143760824	107.383758062397	128.828160844647	0.939399160497295	0.854116190593735	1.02468213040085	P05
P05_FNA_3_12_Y1	0.6	116.468515867524	5.57166920661259	105.548244888792	127.388786846255	0.926375151064019	0.839516761891368	1.01323354023667	P05
P05_FNA_3_12_Y1	0.7	114.796768592948	5.67855503601578	103.667005238129	125.926531947768	0.913078294634706	0.824553630846124	1.00160295842329	P05
P05_FNA_3_12_Y1	0.8	113.092966135648	5.79218973147961	101.740482870326	124.445449400971	0.89952647552713	0.809230327065625	0.989822623988635	P05
P05_FNA_3_12_Y1	0.9	111.359744455014	5.91351671794147	99.7694646658732	122.950024244155	0.885740659813195	0.793553109293086	0.977928210333305	P05
P05_FNA_3_12_Y1	1	109.601905440952	6.04332008620912	97.7572157249342	121.446595156969	0.871759041089295	0.777547947702797	0.965970134475792	P05
P05_FNA_3_12_Y1	1.1	107.817557281348	6.1828369779841	95.6994194822167	119.935695080479	0.857566572132416	0.761180508906078	0.953952635358754	P05
P05_FNA_3_12_Y1	1.2	106.015820547526	6.33234133547396	93.6046595921831	118.42698150287	0.843235796759008	0.744519066153773	0.941952527364244	P05
P05_FNA_3_12_Y1	1.3	104.19908954048	6.49241188975213	91.4741960637661	116.923983017194	0.828785758922091	0.727573641390067	0.929997876454116	P05
P05_FNA_3_12_Y1	1.4	102.371856622235	6.6631828172491	89.3122582780202	115.431454966449	0.814252190274286	0.710377874551761	0.91812650599681	P05
P05_FNA_3_12_Y1	1.5	100.538893315234	6.84441100945133	87.12409424132	113.953692389148	0.799673042873208	0.692973507586558	0.906372578159857	P05
P05_FNA_3_12_Y1	1.6	98.7051897882524	7.03542806536779	84.9160041643092	112.494375412196	0.785088007860429	0.675410651535568	0.89476536418529	P05
P05_FNA_3_12_Y1	1.7	96.8758817588931	7.23512059090716	82.6953059769109	111.056457540875	0.770537934053634	0.65774751224427	0.883328355862997	P05
P05_FNA_3_12_Y1	1.8	95.0561666136546	7.44194519133272	80.4702220637215	109.642111163588	0.756064160776732	0.640049489470841	0.872078832082623	P05
P05_FNA_3_12_Y1	1.9	93.251211715718	7.65398016801551	78.2496862480238	108.252737183412	0.741707788552142	0.622387641662548	0.861027935441736	P05
P05_FNA_3_12_Y1	2	91.466058949741	7.86901062024462	76.0430815400984	106.889036359384	0.727508919862724	0.604836600040552	0.850181239684897	P05
P05_FNA_3_12_Y1	2.1	89.7055303348261	8.08463855957244	73.8599299300404	105.551130739612	0.713505908409832	0.587472101253055	0.839539715566609	P05
P05_FNA_3_12_Y1	2.2	87.9741398331046	8.29840596718004	71.7095630083395	104.23871665787	0.699734657650464	0.570368367535013	0.829100947765916	P05
P05_FNA_3_12_Y1	2.3	86.2760161827571	8.50791731408592	69.600804663704	102.95122770181	0.686228007021333	0.553595582928646	0.818860431114021	P05
P05_FNA_3_12_Y1	2.4	84.6148407034776	8.71094913653631	67.5416941247061	101.687987282249	0.67301523725176	0.537217690393368	0.808812784110153	P05
P05_FNA_3_12_Y1	2.5	82.9938026984527	8.90553735361625	65.5392702223887	100.448335174517	0.660121715636928	0.521290675859127	0.798952755414728	P05
P05_FNA_3_12_Y1	2.6	81.4155735370193	9.09003720069615	63.5994280055255	99.231719068513	0.647568689894765	0.505861427763178	0.789275952026351	P05
P05_FNA_3_12_Y1	2.7	79.8822989964638	9.26315488380414	61.7268490409914	98.0377489519363	0.63537322725364	0.490967182668454	0.779779271838825	P05
P05_FNA_3_12_Y1	2.8	78.3956081787338	9.42395350410878	59.9249987187005	96.866217638767	0.623548285374697	0.476635503827405	0.770461066921989	P05
P05_FNA_3_12_Y1	2.9	76.9566364248588	9.57183802334416	58.1961786332532	95.7170942164644	0.612102894610132	0.462884697818677	0.761321091401586	P05
P05_FNA_3_12_Y1	3	75.5660591629245	9.70652500433639	56.5416197393877	94.5904985864613	0.601042427225488	0.449724555493241	0.752360298957735	P05
P05_FNA_3_12_Y1	3.1	74.2241335077181	9.82800280565622	54.9616019686733	93.4866650467629	0.590368928277734	0.437157303389726	0.743580553165742	P05
P05_FNA_3_12_Y1	3.2	72.9307446012445	9.93648719096501	53.4555875741096	92.4059016283795	0.580081484201587	0.425178664339706	0.734984304063468	P05
P05_FNA_3_12_Y1	3.3	71.6854540476426	10.0323762738074	52.0223578716259	91.3485502236594	0.570176608054425	0.413778945091477	0.726574271017374	P05
P05_FNA_3_12_Y1	3.4	70.4875482637701	10.1162076172418	50.6601456738464	90.3149508536938	0.560648624090436	0.402944089670681	0.718353158510192	P05
P05_FNA_3_12_Y1	3.5	69.3360850650023	10.1886193061192	49.3667581728193	89.3054119571854	0.551490038297891	0.39265665677327	0.710323419822512	P05
P05_FNA_3_12_Y1	3.6	68.2299372825645	10.2503159858224	48.1396871201974	88.3201874449316	0.542691885325627	0.382896696124059	0.702487074527195	P05
P05_FNA_3_12_Y1	3.7	67.1678326316092	10.3020402349485	46.9762048038275	87.3594604593908	0.534244045588461	0.373642511861822	0.694845579315099	P05
P05_FNA_3_12_Y1	3.8	66.1483894021394	10.3445491974327	45.8734455388687	86.4233332654102	0.526135529148057	0.364871310708838	0.687399747587275	P05
P05_FNA_3_12_Y1	3.9	65.1701478235771	10.3785961130626	44.8284732318869	85.5118224152673	0.518354725182558	0.356559739366768	0.680149710998348	P05
P05_FNA_3_12_Y1	4	64.2315971620724	10.4049162208581	43.8383361070339	84.6248582171108	0.510889617514992	0.348684319801423	0.673094915228561	P05
P05_FNA_3_28_Y1	0	131.565	5.26062218075421	121.254369989449	141.875630010551	1	0.921630904795722	1.07836909520428	P05
P05_FNA_3_28_Y1	0.1	130.189497916495	5.38961429129864	119.626048014987	140.752947818003	0.989545075943411	0.909254345874565	1.06983580601226	P05
P05_FNA_3_28_Y1	0.2	128.769392516105	5.5233183694784	117.943887436779	139.594897595431	0.978751130742256	0.896468570187958	1.06103369129655	P05
P05_FNA_3_28_Y1	0.3	127.304698795246	5.66199851670932	116.207385621976	138.402011968515	0.967618278381376	0.883269757321296	1.05196679944146	P05
P05_FNA_3_28_Y1	0.4	125.795705966418	5.80592391956435	114.416304187092	137.175107745744	0.956148717108791	0.869656095368011	1.04264133884957	P05
P05_FNA_3_28_Y1	0.5	124.243012037242	5.95536019545181	112.570720539193	135.915303535291	0.944346992264221	0.855628172684173	1.03306581184427	P05
P05_FNA_3_28_Y1	0.6	122.647558015013	6.1105578995175	110.671084606512	134.624031423514	0.93222025626126	0.841189409086852	1.02325110343567	P05
P05_FNA_3_28_Y1	0.7	121.010660529908	6.27173807636451	108.718279779766	133.303041280051	0.919778516550059	0.826346519057238	1.01321051404288	P05
P05_FNA_3_28_Y1	0.8	119.334041430823	6.43907498095064	106.713686374407	131.954396487239	0.907034860569476	0.811109994104868	1.00295972703408	P05
P05_FNA_3_28_Y1	0.9	117.619852691399	6.61267640226648	104.659245101539	130.580460281259	0.894005645053008	0.795494585197726	0.99251670490829	P05
P05_FNA_3_28_Y1	1	115.872460442095	6.79237937219309	102.559641503264	129.185279380926	0.880724056109868	0.779535906230863	0.981912205988873	P05
P05_FNA_3_28_Y1	1.1	114.089626695347	6.97864344440153	100.411736883374	127.767516507321	0.867173083231462	0.763210100584303	0.971136065878622	P05
P05_FNA_3_28_Y1	1.2	112.280165424729	7.17069988078743	98.2258519144395	126.334478935018	0.853419719718227	0.746595613684791	0.960243825751663	P05
P05_FNA_3_28_Y1	1.3	110.446273694227	7.36836358695766	96.0045464387939	124.888000949661	0.83948066502662	0.729711902396487	0.949249427656752	P05
P05_FNA_3_28_Y1	1.4	108.59233403862	7.57110428500369	93.7532423168154	123.431425760424	0.825389229951883	0.712600177226583	0.938178282677183	P05
P05_FNA_3_28_Y1	1.5	106.723108673347	7.77822156630771	91.4780745396115	121.968142807083	0.811181611168223	0.695307069050367	0.92705615328608	P05
P05_FNA_3_28_Y1	1.6	104.843684858816	7.98884398587124	89.1858383683987	120.501531349233	0.796896475953451	0.677884227327927	0.915908724578975	P05
P05_FNA_3_28_Y1	1.7	102.959406397288	8.20193595797326	86.8839073161568	119.03490547842	0.782574441510192	0.660387696698642	0.904761186321743	P05
P05_FNA_3_28_Y1	1.8	101.07579278492	8.41631271977432	84.5801229715364	117.571462598304	0.768257460456204	0.642877079554109	0.893637841358298	P05
P05_FNA_3_28_Y1	1.9	99.1984484527808	8.63066317031636	82.2826594762645	116.114237429297	0.753988130983018	0.625414505957241	0.882561756008795	P05
P05_FNA_3_28_Y1	2	97.3329653695039	8.84357999353912	79.9998670877683	114.66606365124	0.739808956557625	0.608063444592166	0.871554468523084	P05
P05_FNA_3_28_Y1	2.1	95.4848229542105	9.05359611340593	77.7401006413631	113.229545267058	0.725761585180029	0.590887398938647	0.860635771421411	P05
P05_FNA_3_28_Y1	2.2	93.6592896749806	9.25922614753416	75.5115399011021	111.807039448859	0.711886061452367	0.573948541793806	0.849823581110927	P05
P05_FNA_3_28_Y1	2.3	91.8613308133533	9.4590110731157	73.3220097806809	110.400651846026	0.698220125514789	0.557306348806148	0.83913390222343	P05
P05_FNA_3_28_Y1	2.4	90.0955266143267	9.65156381043957	71.178809151375	109.012244077278	0.68479859091952	0.541016297277961	0.828580884561079	P05
P05_FNA_3_28_Y1	2.5	88.3660044102049	9.8356129720747	69.0885572190635	107.643451601346	0.671652828717401	0.525128698506924	0.818176958927878	P05
P05_FNA_3_28_Y1	2.6	86.6763873525434	10.0100417924012	67.0570659556963	106.29570874939	0.658810377779374	0.509687728162477	0.807933027396271	P05
P05_FNA_3_28_Y1	2.7	85.0297612087946	10.1739194060866	65.0892455912518	104.970276826337	0.646294692424236	0.494730707948556	0.797858676899916	P05
P05_FNA_3_28_Y1	2.8	83.4286594182247	10.3265222544775	63.1890477138974	103.668271122552	0.634125028831564	0.480287673118971	0.787962384544157	P05
P05_FNA_3_28_Y1	2.9	81.8750654087565	10.4673443940208	61.3594473826984	102.390683434815	0.62231646265159	0.466381236519579	0.778251688783602	P05
P05_FNA_3_28_Y1	3	80.3704301889664	10.5960966663309	59.6024623462528	101.13839803168	0.610880022718553	0.453026734665396	0.768733310771709	P05
P05_FNA_3_28_Y1	3.1	78.9157025398511	10.7126958196316	57.9192045560404	99.9122005236617	0.599822920532445	0.440232619283551	0.759413221781338	P05
P05_FNA_3_28_Y1	3.2	77.5113687738837	10.8172455344096	56.309957114514	98.7127804332533	0.589148852459877	0.428001042180778	0.750296662738975	P05
P05_FNA_3_28_Y1	3.3	76.1574989838596	10.9100117843565	54.7742688156134	97.5407291521058	0.578858351262567	0.416328573827487	0.741388128697646	P05
P05_FNA_3_28_Y1	3.4	74.8537969106398	10.9913950476326	53.311058477428	96.3965353438516	0.568949165132367	0.405206996370068	0.732691333894665	P05
P05_FNA_3_28_Y1	3.5	73.5996509371172	11.061901648247	51.9187221060288	95.2805797682055	0.559416645286491	0.394624118162344	0.724209172410638	P05
P05_FNA_3_28_Y1	3.6	72.3941841849129	11.1221160700844	50.5952372556733	94.1931311141525	0.550254126742773	0.384564566987218	0.715943686498327	P05
P05_FNA_3_28_Y1	3.7	71.2363021821703	11.1726755659637	49.3382604619307	93.1343439024099	0.541453290633301	0.37501053062692	0.707896050639683	P05
P05_FNA_3_28_Y1	3.8	70.124737035638	11.2142478758313	48.1452150853038	92.1042589859722	0.533004499947843	0.365942424545311	0.700066575350376	P05
P05_FNA_3_28_Y1	3.9	69.0580874474029	11.2475124320036	47.0133681650094	91.1028067297964	0.524897103693253	0.357339476038531	0.692454731347976	P05
P05_FNA_3_28_Y1	4	68.0348542517437	11.2731450928472	45.9398958772688	90.1298126262186	0.517119707002194	0.34918022177075	0.685059192233638	P05
P05_FNA_5_Y1	0	131.85	4.99924617433047	122.051657548463	141.648342451537	1	0.92568568485751	1.07431431514249	P05
P05_FNA_5_Y1	0.1	130.486605516546	5.09949048906178	120.491787818481	140.481423214612	0.989659503348852	0.913855046025639	1.06546396067207	P05
P05_FNA_5_Y1	0.2	129.079730873476	5.20210554034035	118.883791370632	139.275670376319	0.978989236810585	0.90165939606092	1.05631907756025	P05
P05_FNA_5_Y1	0.3	127.629484910013	5.30732956536211	117.227310107819	138.031659712208	0.967990025862823	0.889096019020241	1.0468840327054	P05
P05_FNA_5_Y1	0.4	126.136248915684	5.41545045301005	115.522161067723	136.750336763645	0.956664762348762	0.876163527248566	1.03716599744896	P05
P05_FNA_5_Y1	0.5	124.600708566039	5.52680672660031	113.768366432389	135.43305069969	0.945018646689718	0.862862088982852	1.02717520439658	P05
P05_FNA_5_Y1	0.6	123.023885082333	5.64178532082624	111.966189045007	134.081581119659	0.933059424211855	0.849193697724739	1.01692515069897	P05
P05_FNA_5_Y1	0.7	121.407164467404	5.76081514302545	110.116174265481	132.698154669327	0.920797606882093	0.835162489688897	1.00643272407529	P05
P05_FNA_5_Y1	0.8	119.752323467364	5.88435544963056	108.219198713856	131.285448220871	0.908246670211328	0.82077511349151	0.995718226931145	P05
P05_FNA_5_Y1	0.9	118.061550729486	6.01287825818302	106.276525900024	129.846575558949	0.895423213723825	0.806041152066922	0.984805275380728	P05
P05_FNA_5_Y1	1	116.339201245783	6.14670756340716	104.291875798005	128.386526693561	0.882360267317278	0.790988819097499	0.973731715537058	P05
P05_FNA_5_Y1	1.1	114.583104091898	6.28667335144766	102.261450740493	126.904757443303	0.8690413658847	0.775589311645753	0.962493420123646	P05
P05_FNA_5_Y1	1.2	112.801956577663	6.4327079529944	100.19408066673	125.409832488597	0.855532473095665	0.759909599292605	0.951155346898724	P05
P05_FNA_5_Y1	1.3	110.997911962317	6.58517565899281	98.0912048388216	123.904619085813	0.841849920078251	0.743960597943281	0.93973924221322	P05
P05_FNA_5_Y1	1.4	109.175250875083	6.74414935874424	95.9569610255854	122.393540724581	0.828026172734798	0.727773689993064	0.928278655476531	P05
P05_FNA_5_Y1	1.5	107.338600935363	6.90951119741013	93.7962078376624	120.880994033063	0.814096328671691	0.711385724972791	0.916806932370592	P05
P05_FNA_5_Y1	1.6	105.492882779952	7.08092343538644	91.6145278693089	119.371237690595	0.800097707849465	0.69483904337739	0.90535637232154	P05
P05_FNA_5_Y1	1.7	103.643243466407	7.2578102379545	89.4181967933906	117.868290139424	0.78606934748887	0.678181242270691	0.893957452707049	P05
P05_FNA_5_Y1	1.8	101.794978836531	7.43935359519744	87.214113721686	116.375843951377	0.772051413246352	0.661464647111763	0.882638179380941	P05
P05_FNA_5_Y1	1.9	99.9534472913254	7.62450529146372	85.0096915201214	114.897203062529	0.758084545250856	0.644745479864402	0.87142361063731	P05
P05_FNA_5_Y1	2	98.123978205852	7.8120151368081	82.8127098910263	113.435246520678	0.74420916348769	0.628082744717682	0.860335582257699	P05
P05_FNA_5_Y1	2.1	96.3117787984036	8.00047380619991	80.6311382789956	111.992419317811	0.730464761459261	0.611536884937396	0.849392637981126	P05
P05_FNA_5_Y1	2.2	94.5218435737761	8.1883669256713	78.4729393072614	110.570747840291	0.716889219368798	0.595168292053556	0.838610146684041	P05
P05_FNA_5_Y1	2.3	92.7588704256196	8.37413579518728	76.3458658654049	109.171874985834	0.703518167809023	0.579035766897269	0.828000568720776	P05
P05_FNA_5_Y1	2.4	91.0271870924715	8.55623954912095	74.2572657330972	107.797108451846	0.690384429977031	0.563195037793684	0.817573822160378	P05
P05_FNA_5_Y1	2.5	89.3306909517549	8.73321369171664	72.2139066466982	106.447475256812	0.677517565049335	0.547697433801276	0.807337696297395	P05
P05_FNA_5_Y1	2.6	87.6728041879332	8.90372072777698	70.2218322330875	105.123776142779	0.664943528160282	0.532588792059822	0.797298264260742	P05
P05_FNA_5_Y1	2.7	86.0564452994148	9.0665898464926	68.2862557376928	103.826634861137	0.652684454299695	0.517908651783791	0.7874602568156	P05
P05_FNA_5_Y1	2.8	84.4840168389094	9.22084406012878	66.4114945739969	102.556539103822	0.640758565331129	0.503689757861183	0.777827372801076	P05
P05_FNA_5_Y1	2.9	82.9574083276604	9.36571460392828	64.6009450144801	101.313871640841	0.629180192094504	0.489957868900115	0.768402515288894	P05
P05_FNA_5_Y1	3	81.478012530266	9.50064357635757	62.8570932906534	100.098931769879	0.61795989784047	0.47673184141565	0.759187954265292	P05
P05_FNA_5_Y1	3.1	80.0467527700484	9.62527662662817	61.181557240622	98.9119482994748	0.607104685400443	0.464023945700584	0.750185425100302	P05
P05_FNA_5_Y1	3.2	78.6641187125719	9.73944794889571	59.5751515034338	97.75308592171	0.596618268582267	0.451840360283912	0.741396176880622	P05
P05_FNA_5_Y1	3.3	77.3302080222276	9.84315995618188	58.0379690140443	96.622447030411	0.586501388109424	0.440181790019297	0.732820986199552	P05
P05_FNA_5_Y1	3.4	76.0447714579564	9.93655985954943	56.5694720030131	95.5200709128996	0.576752153643962	0.429044156261002	0.724460151026922	P05
P05_FNA_5_Y1	3.5	74.8072592639125	10.0199150618235	55.1685866145881	94.445931913237	0.567366395630736	0.418419314483034	0.716313476778438	P05
P05_FNA_5_Y1	3.6	73.6168670744091	10.0935888767866	53.8337964011532	93.3999377476649	0.558338013457786	0.408295763376209	0.708380263539362	P05
P05_FNA_5_Y1	3.7	72.4725799423327	10.1580176729028	52.5632311491219	92.3819287355435	0.549659309384396	0.39865931853714	0.700659300231653	P05
P05_FNA_5_Y1	3.8	71.3732134796853	10.2136901617544	51.3547486133956	91.3916783459751	0.541321300566442	0.389493732373118	0.693148868759765	P05
P05_FNA_5_Y1	3.9	70.3174514429344	10.2611292313676	50.2060077087428	90.428895177126	0.533314004117819	0.380781249213066	0.685846759022571	P05
P05_FNA_5_Y1	4	69.3038793899855	10.3008764731101	49.1145324934937	89.4932262864773	0.525626692377592	0.372503090583949	0.678750294171235	P05
P05_FNA_60_Y1	0	126.17	5.38200052473439	115.621472806745	136.718527193255	1	0.916394331511016	1.08360566848898	P05
P05_FNA_60_Y1	0.1	124.732358060843	5.49755980373657	113.957338842664	135.507377279022	0.988605516849035	0.903204714612539	1.07400631908553	P05
P05_FNA_60_Y1	0.2	123.255465835256	5.61701050060792	112.246327553281	134.264604117231	0.976899943213567	0.889643556735206	1.06415632969193	P05
P05_FNA_60_Y1	0.3	121.740144918044	5.74056119388957	110.488851726972	132.991438109116	0.964889790901514	0.875714129563067	1.05406545223996	P05
P05_FNA_60_Y1	0.4	120.18752252449	5.86840538691399	108.685659319458	131.689385729523	0.952583994011971	0.861422361254324	1.04374562676962	P05
P05_FNA_60_Y1	0.5	118.599054123129	6.0007092186082	106.837880172959	130.360228073298	0.939994088318371	0.846777206728694	1.03321096990805	P05
P05_FNA_60_Y1	0.6	116.976542595096	6.13759722980241	104.94707307307	129.006012117121	0.927134363121945	0.831791020631452	1.02247770561244	P05
P05_FNA_60_Y1	0.7	115.322152645131	6.27913667297447	103.015270912097	127.629034378166	0.914021975470646	0.816479915289663	1.01156403565163	P05
P05_FNA_60_Y1	0.8	113.638419133119	6.42532112759255	101.045021133933	126.231817132304	0.900677016193379	0.800864081270769	1.00048995111599	P05
P05_FNA_60_Y1	0.9	111.928248011657	6.57605444635626	99.0394181364241	124.81707788689	0.887122517331036	0.784968044197702	0.98927699046437	P05
P05_FNA_60_Y1	1	110.196652400107	6.73097910676529	97.0041757701556	123.389129030059	0.873398211937126	0.768837090989582	0.977959332884669	P05
P05_FNA_60_Y1	1.1	108.442016652077	6.8902504167788	94.9373739907284	121.946659313425	0.85949129469824	0.752456003730906	0.966526585665574	P05
P05_FNA_60_Y1	1.2	106.673506215883	7.05295753651792	92.8499634598176	120.497048971949	0.845474409256425	0.73591157533342	0.955037243179429	P05
P05_FNA_60_Y1	1.3	104.893592301012	7.21869295643872	90.7452140909387	119.041970511084	0.831367141959353	0.719229722524679	0.943504561394027	P05
P05_FNA_60_Y1	1.4	103.106722424121	7.3867705830893	88.6289181192057	117.584526729036	0.817204742998499	0.702456353485026	0.931953132511973	P05
P05_FNA_60_Y1	1.5	101.317519266982	7.55639297316996	86.5072611865375	116.127777347427	0.803023850891513	0.685640494464116	0.92040720731891	P05
P05_FNA_60_Y1	1.6	99.5307154841445	7.7266672587122	84.3867259365438	114.674705031745	0.788861975779857	0.668833525691874	0.908890425867839	P05
P05_FNA_60_Y1	1.7	97.7510827548064	7.89662606043404	82.2739800769752	113.228185432638	0.774756937107128	0.652088294182256	0.897425580032	P05
P05_FNA_60_Y1	1.8	95.983357553461	8.06525213274492	80.1757538470461	111.790961259876	0.760746275290965	0.635458142561989	0.88603440801994	P05
P05_FNA_60_Y1	1.9	94.2321664077482	8.23150526571862	78.0987125483879	110.365620267109	0.746866659330651	0.618995898774573	0.874737419886728	P05
P05_FNA_60_Y1	2	92.5019535227573	8.39434993983878	76.0493299670473	108.954577078467	0.73315331317078	0.602752872846535	0.863553753495025	P05
P05_FNA_60_Y1	2.1	90.7969135650141	8.55278235550316	74.0337681806182	107.56005894941	0.71963948295961	0.586777904261062	0.852501061658159	P05
P05_FNA_60_Y1	2.2	89.1209321232666	8.70585567767226	72.0577685404254	106.184095706108	0.706355965152307	0.571116497903031	0.841595432401583	P05
P05_FNA_60_Y1	2.3	87.477535922004	8.85270257719015	70.1265577048664	104.828514139142	0.693330711912531	0.555810079296714	0.830851344528348	P05
P05_FNA_60_Y1	2.4	85.8698542967737	8.99255436349589	68.2447716153033	103.494936978244	0.680588525772955	0.540895392052812	0.820281659493098	P05
P05_FNA_60_Y1	2.5	84.3005927965806	9.12475617160899	66.4163993325174	102.184786260644	0.668150850412781	0.526404052726618	0.809897648098944	P05
P05_FNA_60_Y1	2.6	82.7720191113698	9.24877780519596	64.6447477121723	100.899290510567	0.656035659121581	0.512362270842295	0.799709047400866	P05
P05_FNA_60_Y1	2.7	81.2859608851573	9.36421998094207	62.9324269792004	99.6394947911141	0.644257437466571	0.498790734558139	0.789724140375002	P05
P05_FNA_60_Y1	2.8	79.8438144164137	9.47081589779434	61.2813563525274	98.4062724803	0.632827252250247	0.485704655247106	0.779949849253388	P05
P05_FNA_60_Y1	2.9	78.4465628059137	9.56842827763099	59.6927879931024	97.2003376187251	0.621752895346863	0.473113957304449	0.770391833389277	P05
P05_FNA_60_Y1	3	77.0948018137287	9.65704227452316	58.1673467584825	96.0222568689748	0.611039088640158	0.461023593235179	0.761054584045136	P05
P05_FNA_60_Y1	3.1	75.7887715400752	9.73675489091918	56.7050826275794	94.8724604525711	0.60068773511988	0.449433959162871	0.751941511076889	P05
P05_FNA_60_Y1	3.2	74.5283920412774	9.8077617284665	55.3055322845327	93.751251798022	0.590698201167293	0.438341382932018	0.743055019402568	P05
P05_FNA_60_Y1	3.3	73.3133011099545	9.87034200645771	53.9677862622046	92.6588159577044	0.581067615993933	0.427738656274903	0.734396575712962	P05
P05_FNA_60_Y1	3.4	72.1428926562894	9.92484278919641	52.6905582372423	91.5952270753364	0.571791175844411	0.417615584031405	0.725966767657418	P05
P05_FNA_60_Y1	3.5	71.0163543900047	9.97166328282089	51.4722534897153	90.560455290294	0.56286244265677	0.407959526747367	0.717765358566173	P05
P05_FNA_60_Y1	3.6	69.9327037875892	10.0112399155283	50.311034112564	89.5543734626144	0.554273629132037	0.398755917512594	0.709791340751481	P05
P05_FNA_60_Y1	3.7	68.8908216091831	10.0440327327887	49.2048791933759	88.5767640249903	0.546015864382841	0.389988738950431	0.702042989815252	P05
P05_FNA_60_Y1	3.8	67.889482484812	10.070513449999	48.1516388169877	87.6273261526363	0.538079436354221	0.381640951232367	0.694517921476075	P05
P05_FNA_60_Y1	3.9	66.9273823085807	10.0911553316644	47.1490812961191	86.7056833210423	0.530454008944921	0.373694866419269	0.687213151470574	P05
P05_FNA_60_Y1	4	66.0031623569507	10.1064249226441	46.1949334961103	85.811391217791	0.523128813164387	0.366132468067768	0.680125158261005	P05
